full_scorecard,team1,team2,team1_score,team2_score,toss_winner,toss_choice,winner,margin,man_of_the_match,stadium,place,team1_win,team2_win,team1_rolling_wins,team1_rolling_score,team2_rolling_wins,team2_rolling_score,venue_win_avg,venue_score_avg,tvt_win_avg,team1_career_wins,team1_career_score,team2_career_wins,team2_career_score,label_team1_score_next,label_team2_score_next,label_team1_win_next,label_team2_win_next
300,0,7,131.0,133.0,11,1,4,6.0,250,39,24,0,0,0.0,131.0,0.0,133.0,0.0,167.19230769230768,0.0,0.0,131.0,0.0,133.0,210.0,141.0,0.0,0.0
301,8,3,177.0,179.0,5,1,0,4.0,118,4,24,0,0,0.0,177.0,0.0,179.0,0.0,178.5185185185185,0.0,0.0,177.0,0.0,179.0,161.0,157.0,0.0,0.0
302,13,11,205.0,208.0,15,1,10,5.0,168,7,24,0,0,0.0,205.0,0.0,208.0,0.0,159.64864864864865,0.0,0.0,205.0,0.0,208.0,189.0,133.0,0.0,0.0
303,7,5,158.0,161.0,8,1,18,5.0,150,39,24,0,0,0.0,158.0,0.0,161.0,0.0,167.19230769230768,0.0,0.0,158.0,0.0,161.0,169.0,190.0,0.0,0.0
304,11,15,210.0,149.0,20,1,12,61.0,211,19,26,0,0,0.0,210.0,0.0,149.0,0.0,169.73529411764707,0.0,0.0,210.0,0.0,149.0,193.0,157.0,0.0,0.0
305,6,14,128.0,132.0,19,1,11,3.0,258,7,24,0,0,0.0,128.0,0.0,132.0,0.0,159.64864864864865,0.0,0.0,128.0,0.0,132.0,175.0,173.0,0.0,0.0
306,0,8,210.0,211.0,12,1,14,6.0,68,4,24,0,0,0.0,170.5,0.0,211.0,0.0,178.5185185185185,0.0,0.0,170.5,0.0,211.0,154.0,155.0,0.0,0.0
307,10,7,137.0,141.0,11,1,4,6.0,250,39,24,0,0,0.0,137.0,0.0,137.0,0.0,167.19230769230768,0.0,0.0,137.0,0.0,137.0,180.0,162.0,0.0,0.0
308,11,9,193.0,170.0,13,1,12,23.0,103,7,24,0,0,0.0,201.5,0.0,170.0,0.0,159.64864864864865,0.0,0.0,201.5,0.0,170.0,169.0,186.0,0.0,0.0
309,4,3,171.0,157.0,5,1,18,14.0,125,19,26,0,0,0.0,171.0,0.0,168.0,0.0,169.73529411764707,0.0,0.0,171.0,0.0,168.0,162.0,173.0,0.0,0.0
310,10,1,180.0,126.0,3,1,10,54.0,124,4,24,0,0,0.0,158.5,0.0,126.0,0.0,178.5185185185185,0.0,0.0,158.5,0.0,126.0,189.0,156.0,0.0,0.0
311,7,15,169.0,157.0,20,1,14,12.0,30,7,24,0,0,0.0,163.5,0.0,153.0,0.0,159.64864864864865,0.0,0.0,163.5,0.0,153.0,199.0,155.0,0.0,0.0
312,11,14,169.0,173.0,19,1,11,4.0,62,39,24,0,0,0.0,190.66666666666666,0.0,152.5,0.0,167.19230769230768,0.0,0.0,190.66666666666666,0.0,152.5,165.0,152.0,0.0,0.0
313,8,7,161.0,162.0,11,1,4,5.0,170,19,26,0,0,0.0,169.0,0.0,145.33333333333334,0.0,169.73529411764707,0.0,0.0,169.0,0.0,145.33333333333334,151.0,171.0,0.0,0.0
314,2,8,149.0,155.0,12,1,14,6.0,181,7,24,0,0,0.0,149.0,0.0,183.0,0.0,159.64864864864865,0.0,0.0,149.0,0.0,183.0,215.0,162.0,0.0,0.0
315,10,5,189.0,190.0,8,1,18,6.0,229,4,24,0,0,0.0,168.66666666666666,0.0,175.5,0.0,178.5185185185185,0.0,0.0,168.66666666666666,0.0,175.5,198.0,170.0,0.0,0.0
316,0,15,154.0,155.0,20,1,13,8.0,8,7,24,0,0,0.0,165.0,0.0,153.66666666666666,0.0,159.64864864864865,0.0,0.0,165.0,0.0,153.66666666666666,216.0,168.0,0.0,0.0
317,8,14,151.0,152.0,19,1,11,7.0,27,19,26,0,0,0.0,163.0,0.0,152.33333333333334,0.0,169.73529411764707,0.0,0.0,163.0,0.0,152.33333333333334,155.0,193.0,0.0,0.0
318,2,7,215.0,171.0,11,1,0,44.0,118,4,24,0,0,0.0,182.0,0.0,151.75,0.0,178.5185185185185,0.0,0.0,182.0,0.0,151.75,207.0,210.0,0.0,0.0
319,11,8,165.0,162.0,12,1,12,3.0,264,39,24,0,0,0.0,184.25,0.0,176.0,0.0,167.19230769230768,0.0,0.0,184.25,0.0,176.0,217.0,163.0,0.0,0.0
320,4,15,162.0,168.0,20,1,13,8.0,107,7,24,0,0,0.0,166.5,0.0,157.25,0.0,159.64864864864865,0.0,0.0,166.5,0.0,157.25,192.0,176.0,0.0,0.0
321,0,14,216.0,193.0,19,1,14,23.0,222,7,24,0,0,0.0,177.75,0.0,162.5,0.0,159.64864864864865,0.0,0.0,177.75,0.0,162.5,169.0,115.0,0.0,0.0
322,10,9,198.0,186.0,13,1,10,12.0,142,19,26,0,0,0.0,176.0,0.0,178.0,0.0,169.73529411764707,0.0,0.0,176.0,0.0,178.0,151.0,181.0,0.0,0.0
323,4,12,192.0,155.0,16,1,18,37.0,78,7,24,0,0,0.0,175.0,0.0,155.0,0.0,159.64864864864865,0.0,0.0,175.0,0.0,155.0,156.0,190.0,0.0,0.0
324,6,15,175.0,176.0,20,1,13,7.0,187,4,24,0,0,0.0,151.5,0.0,161.0,0.0,178.5185185185185,0.0,0.0,151.5,0.0,161.0,146.0,152.0,0.0,0.0
325,7,9,199.0,181.0,13,1,14,18.0,105,4,24,0,0,0.0,175.33333333333334,0.0,179.0,0.0,178.5185185185185,0.0,0.0,175.33333333333334,0.0,179.0,168.0,132.0,0.0,0.0
326,13,3,189.0,173.0,5,1,11,16.0,62,39,24,0,0,0.0,197.0,0.0,169.66666666666666,0.0,167.19230769230768,0.0,0.0,197.0,0.0,169.66666666666666,181.0,119.0,0.0,0.0
327,10,15,151.0,152.0,20,1,13,7.0,251,7,24,0,0,0.0,171.0,0.0,161.6,0.0,159.64864864864865,0.0,0.0,171.0,0.0,159.5,115.0,72.0,0.0,0.0
328,0,5,169.0,170.0,8,1,18,3.0,55,19,26,0,0,0.0,176.0,0.0,173.66666666666666,0.0,169.73529411764707,0.0,0.0,176.0,0.0,173.66666666666666,202.0,199.0,0.0,0.0
329,11,7,217.0,210.0,11,1,12,7.0,264,4,24,0,0,0.0,190.8,0.0,163.4,0.0,178.5185185185185,0.0,0.0,190.8,0.0,163.4,222.0,148.0,0.0,0.0
330,13,8,181.0,163.0,12,1,11,18.0,69,7,24,0,0,0.0,191.66666666666666,0.0,172.75,0.0,159.64864864864865,0.0,0.0,191.66666666666666,0.0,172.75,68.0,82.0,0.0,0.0
331,10,3,115.0,119.0,5,1,0,9.0,118,4,24,0,0,0.0,166.6,0.0,157.0,0.0,178.5185185185185,0.0,0.0,161.66666666666666,0.0,157.0,187.0,207.0,0.0,0.0
332,8,1,155.0,156.0,3,1,14,3.0,158,7,24,0,0,0.0,161.0,0.0,141.0,0.0,159.64864864864865,0.0,0.0,161.0,0.0,141.0,177.0,176.0,0.0,0.0
333,11,3,222.0,207.0,5,1,12,15.0,103,39,24,0,0,0.0,193.2,0.0,167.0,0.0,167.19230769230768,0.0,0.0,196.0,0.0,167.0,144.0,150.0,0.0,0.0
334,4,7,156.0,148.0,8,0,18,8.0,190,7,24,0,0,0.0,170.25,0.0,166.4,0.0,159.64864864864865,0.0,0.0,170.25,0.0,160.83333333333334,143.0,158.0,0.0,0.0
335,13,15,68.0,72.0,20,1,13,9.0,137,4,24,0,0,0.0,160.75,0.0,144.6,0.0,178.5185185185185,0.0,0.0,160.75,0.0,147.0,170.0,189.0,0.0,0.0
336,7,9,168.0,132.0,13,1,14,36.0,105,39,24,0,0,0.0,173.5,0.0,167.25,0.0,167.19230769230768,0.0,0.0,173.5,0.0,167.25,153.0,161.0,0.0,0.0
337,10,1,187.0,176.0,3,1,10,11.0,220,39,24,0,0,0.0,168.0,0.0,152.66666666666666,0.0,167.19230769230768,0.0,0.0,165.28571428571428,0.0,152.66666666666666,189.0,160.0,0.0,0.0
338,11,14,144.0,115.0,19,1,12,29.0,197,19,26,0,0,0.0,183.4,0.0,153.0,0.0,169.73529411764707,0.0,0.0,188.57142857142858,0.0,153.0,158.0,155.0,0.0,0.0
339,14,5,195.0,199.0,8,1,18,5.0,251,39,24,0,0,0.0,195.0,0.0,180.0,0.0,167.19230769230768,0.0,0.0,195.0,0.0,180.0,193.0,174.0,0.0,0.0
340,6,3,146.0,150.0,5,1,0,4.0,118,39,24,0,0,0.0,149.66666666666666,0.0,161.2,0.0,167.19230769230768,0.0,0.0,149.66666666666666,0.0,164.16666666666666,165.0,189.0,0.0,0.0
341,7,11,153.0,133.0,15,1,14,20.0,117,19,26,0,0,0.0,169.4,0.0,170.5,0.0,169.73529411764707,0.0,0.0,169.4,0.0,170.5,195.0,145.0,0.0,0.0
342,13,5,170.0,174.0,19,0,18,6.0,186,4,24,0,0,0.0,162.6,0.0,178.8,0.0,178.5185185185185,0.0,0.0,162.6,0.0,178.8,173.0,172.0,0.0,0.0
343,11,9,158.0,161.0,13,1,8,5.0,242,7,24,0,0,0.0,181.2,0.0,166.0,0.0,159.64864864864865,0.0,0.0,184.75,0.0,166.0,152.0,113.0,0.0,0.0
344,7,3,195.0,189.0,12,0,14,6.0,154,39,24,0,0,0.0,176.8,0.0,167.6,0.0,167.19230769230768,0.0,0.0,173.66666666666666,0.0,167.71428571428572,176.0,117.0,0.0,0.0
345,0,15,202.0,189.0,20,1,14,13.0,202,19,26,0,0,0.0,190.2,0.0,151.4,0.0,169.73529411764707,0.0,0.0,180.33333333333334,0.0,152.25,208.0,186.0,0.0,0.0
346,11,7,152.0,158.0,11,1,4,7.0,195,39,24,0,0,0.0,178.6,0.0,169.8,0.0,167.19230769230768,0.0,0.0,181.11111111111111,0.0,160.42857142857142,160.0,101.0,0.0,0.0
347,4,11,143.0,145.0,8,0,10,8.0,106,7,24,0,0,0.0,164.8,0.0,162.0,0.0,159.64864864864865,0.0,0.0,164.8,0.0,162.0,144.0,142.0,0.0,0.0
348,13,1,173.0,160.0,3,1,11,13.0,82,19,26,0,0,0.0,156.2,0.0,154.5,0.0,169.73529411764707,0.0,0.0,164.33333333333334,0.0,154.5,192.0,107.0,0.0,0.0
349,2,15,207.0,186.0,20,1,0,21.0,56,4,24,0,0,0.0,190.33333333333334,0.0,155.0,0.0,178.5185185185185,0.0,0.0,190.33333333333334,0.0,156.0,159.0,125.0,0.0,0.0
350,8,5,177.0,172.0,8,1,8,5.0,245,4,24,0,0,0.0,164.2,0.0,181.0,0.0,178.5185185185185,0.0,0.0,164.2,0.0,177.66666666666666,159.0,137.0,0.0,0.0
351,10,12,189.0,190.0,15,0,12,6.0,261,39,24,0,0,0.0,168.0,0.0,172.5,0.0,167.19230769230768,0.0,0.0,168.25,0.0,172.5,209.0,151.0,0.0,0.0
352,7,7,176.0,101.0,11,1,14,75.0,30,19,26,0,0,0.0,178.2,0.0,157.6,0.0,169.73529411764707,0.0,0.0,174.0,0.0,153.0,210.0,208.0,0.0,0.0
353,13,15,192.0,125.0,19,0,11,67.0,258,39,24,0,0,0.0,156.8,0.0,144.8,0.0,167.19230769230768,0.0,0.0,168.28571428571428,0.0,152.9,207.0,123.0,0.0,0.0
354,0,3,208.0,117.0,5,1,14,91.0,60,7,24,0,0,0.0,189.8,0.0,156.4,0.0,159.64864864864865,0.0,0.0,184.28571428571428,0.0,161.375,97.0,161.0,0.0,0.0
355,6,9,165.0,113.0,13,1,4,52.0,96,7,24,0,0,0.0,153.5,0.0,154.6,0.0,159.64864864864865,0.0,0.0,153.5,0.0,157.16666666666666,177.0,103.0,0.0,0.0
356,4,8,144.0,82.0,8,0,18,62.0,229,19,26,0,0,0.0,159.4,0.0,154.6,0.0,169.73529411764707,0.0,0.0,161.33333333333334,0.0,154.6,168.0,154.0,0.0,0.0
357,11,3,160.0,161.0,5,1,0,8.0,146,7,24,0,0,0.0,167.2,0.0,164.8,0.0,159.64864864864865,0.0,0.0,179.0,0.0,161.33333333333334,178.0,190.0,0.0,0.0
358,0,9,97.0,103.0,13,1,8,5.0,51,39,24,0,0,0.0,178.4,0.0,138.0,0.0,167.19230769230768,0.0,0.0,173.375,0.0,149.42857142857142,133.0,190.0,0.0,0.0
359,10,14,209.0,155.0,19,1,10,54.0,102,4,24,0,0,0.0,170.2,0.0,157.6,0.0,178.5185185185185,0.0,0.0,172.77777777777777,0.0,153.33333333333334,221.0,170.0,0.0,0.0
360,6,15,177.0,123.0,11,0,4,54.0,20,19,26,0,0,0.0,158.2,0.0,139.0,0.0,169.73529411764707,0.0,0.0,158.2,0.0,150.1818181818182,187.0,177.0,0.0,0.0
361,0,5,133.0,137.0,3,0,18,7.0,260,39,24,0,0,0.0,161.8,0.0,170.4,0.0,167.19230769230768,0.0,0.0,168.88888888888889,0.0,171.85714285714286,150.0,191.0,0.0,0.0
362,11,8,178.0,154.0,16,0,12,24.0,248,4,24,0,0,0.0,158.4,0.0,143.2,0.0,178.5185185185185,0.0,0.0,178.9090909090909,0.0,154.5,188.0,193.0,0.0,0.0
363,2,11,159.0,142.0,15,1,0,17.0,217,7,24,0,0,0.0,182.5,0.0,157.0,0.0,159.64864864864865,0.0,0.0,182.5,0.0,157.0,159.0,160.0,0.0,0.0
364,14,9,193.0,190.0,13,1,13,3.0,187,39,24,0,0,0.0,194.0,0.0,139.8,0.0,167.19230769230768,0.0,0.0,194.0,0.0,154.5,157.0,160.0,0.0,0.0
365,0,12,150.0,151.0,3,0,12,5.0,192,4,24,0,0,0.0,158.0,0.0,165.33333333333334,0.0,178.5185185185185,0.0,0.0,167.0,0.0,165.33333333333334,188.0,161.0,0.0,0.0
366,2,9,159.0,160.0,13,1,8,5.0,96,39,24,0,0,0.0,177.8,0.0,145.4,0.0,167.19230769230768,0.0,0.0,177.8,0.0,155.11111111111111,147.0,172.0,0.0,0.0
367,14,11,157.0,160.0,20,0,10,5.0,80,39,24,0,0,0.0,181.66666666666666,0.0,157.6,0.0,167.19230769230768,0.0,0.0,181.66666666666666,0.0,157.6,171.0,132.0,0.0,0.0
368,11,5,188.0,191.0,8,1,18,7.0,55,10,21,0,0,0.0,167.2,0.0,174.6,0.0,163.1578947368421,0.0,0.0,179.66666666666666,0.0,174.25,130.0,133.0,0.0,0.0
369,13,8,207.0,193.0,12,1,11,14.0,189,10,21,0,0,0.0,162.0,0.0,150.8,0.0,163.1578947368421,0.0,0.0,173.125,0.0,160.0,157.0,,0.0,
370,13,12,157.0,161.0,16,1,12,7.0,103,20,2,0,0,0.0,179.8,0.0,164.25,0.0,154.28571428571428,0.0,0.0,171.33333333333334,0.0,164.25,149.0,217.0,0.0,0.0
371,11,5,130.0,133.0,16,0,18,7.0,78,20,2,0,0,0.0,161.6,0.0,161.4,0.0,154.28571428571428,0.0,0.0,175.84615384615384,0.0,169.66666666666666,177.0,,0.0,
240,8,14,159.0,160.0,19,1,11,2.0,82,18,8,0,0,0.0,160.6,0.0,158.6,0.0,162.26865671641792,0.0,0.0,163.33333333333334,0.0,156.25,152.0,181.0,0.0,0.0
241,0,3,188.0,190.0,5,1,0,7.0,220,39,24,0,0,0.0,155.2,0.0,161.4,0.0,167.19230769230768,0.0,0.0,168.9090909090909,0.0,164.2,188.0,198.0,0.0,0.0
242,6,15,187.0,177.0,20,1,4,10.0,166,18,8,0,0,0.0,170.0,0.0,160.0,0.0,162.26865671641792,0.0,0.0,163.0,0.0,152.41666666666666,133.0,143.0,0.0,0.0
243,10,12,221.0,217.0,16,1,10,4.0,211,39,24,0,0,0.0,184.2,0.0,174.8,0.0,167.19230769230768,0.0,0.0,177.6,0.0,174.8,106.0,150.0,0.0,0.0
244,8,7,152.0,142.0,11,1,8,10.0,183,18,8,0,0,0.0,158.8,0.0,151.4,0.0,162.26865671641792,0.0,0.0,161.71428571428572,0.0,157.4,150.0,166.0,0.0,0.0
245,13,15,149.0,143.0,20,1,11,6.0,73,18,8,0,0,0.0,175.6,0.0,150.8,0.0,162.26865671641792,0.0,0.0,169.1,0.0,151.69230769230768,204.0,137.0,0.0,0.0
246,2,12,147.0,150.0,16,1,12,3.0,97,39,24,0,0,0.0,177.4,0.0,173.8,0.0,167.19230769230768,0.0,0.0,172.66666666666666,0.0,170.66666666666666,159.0,143.0,0.0,0.0
247,10,1,106.0,107.0,3,1,14,6.0,57,39,24,0,0,0.0,182.4,0.0,145.0,0.0,167.19230769230768,0.0,0.0,171.0909090909091,0.0,145.0,195.0,173.0,0.0,0.0
248,8,15,150.0,137.0,13,0,8,13.0,116,18,8,0,0,0.0,158.6,0.0,141.0,0.0,162.26865671641792,0.0,0.0,160.25,0.0,150.64285714285714,137.0,121.0,0.0,0.0
249,13,7,204.0,166.0,19,0,11,38.0,5,18,8,0,0,0.0,181.8,0.0,155.0,0.0,162.26865671641792,0.0,0.0,172.27272727272728,0.0,158.1818181818182,171.0,202.0,0.0,0.0
250,10,3,195.0,198.0,5,1,0,6.0,220,39,24,0,0,0.0,184.0,0.0,171.0,0.0,167.19230769230768,0.0,0.0,173.08333333333334,0.0,167.27272727272728,120.0,138.0,0.0,0.0
251,0,12,188.0,143.0,16,1,14,45.0,149,39,24,0,0,0.0,151.2,0.0,164.4,0.0,167.19230769230768,0.0,0.0,170.5,0.0,166.71428571428572,220.0,134.0,0.0,0.0
252,8,3,137.0,138.0,13,0,0,6.0,18,18,8,0,0,0.0,155.0,0.0,160.8,0.0,162.26865671641792,0.0,0.0,157.66666666666666,0.0,164.83333333333334,131.0,170.0,0.0,0.0
253,10,15,120.0,121.0,15,0,13,9.0,102,18,8,0,0,0.0,170.2,0.0,140.2,0.0,162.26865671641792,0.0,0.0,169.0,0.0,148.66666666666666,123.0,159.0,0.0,0.0
254,0,7,220.0,202.0,11,1,14,18.0,69,39,24,0,0,0.0,175.8,0.0,163.8,0.0,167.19230769230768,0.0,0.0,174.30769230769232,0.0,161.83333333333334,191.0,126.0,0.0,0.0
255,11,14,177.0,181.0,19,1,11,10.0,59,39,24,0,0,0.0,166.6,0.0,156.2,0.0,167.19230769230768,0.0,0.0,175.92857142857142,0.0,159.0,171.0,122.0,0.0,0.0
256,8,11,131.0,132.0,15,1,10,9.0,105,18,8,0,0,0.0,145.8,0.0,142.4,0.0,162.26865671641792,0.0,0.0,155.0,0.0,153.33333333333334,155.0,183.0,0.0,0.0
257,6,12,133.0,134.0,16,1,12,6.0,48,39,24,0,0,0.0,161.6,0.0,161.0,0.0,167.19230769230768,0.0,0.0,158.71428571428572,0.0,162.625,154.0,121.0,0.0,0.0
258,0,14,191.0,122.0,3,0,14,69.0,193,39,24,0,0,0.0,187.4,0.0,157.6,0.0,167.19230769230768,0.0,0.0,175.5,0.0,155.3,218.0,145.0,0.0,0.0
259,2,15,159.0,159.0,5,0,17,0.0,179,18,8,0,0,0.0,166.2,0.0,147.4,0.0,162.26865671641792,0.0,0.0,170.71428571428572,0.0,149.3125,154.0,165.0,0.0,0.0
260,10,7,123.0,126.0,11,1,4,5.0,67,20,2,0,0,0.0,153.0,0.0,168.8,0.0,154.28571428571428,0.0,0.0,165.71428571428572,0.0,159.07692307692307,179.0,94.0,0.0,0.0
261,13,3,171.0,170.0,5,1,11,1.0,5,20,2,0,0,0.0,177.6,0.0,171.4,0.0,154.28571428571428,0.0,0.0,172.16666666666666,0.0,165.23076923076923,92.0,156.0,0.0,0.0
262,14,1,171.0,173.0,20,0,14,7.0,202,2,10,0,0,0.0,179.0,0.0,154.4,0.0,195.0,0.0,0.0,179.0,0.0,149.66666666666666,134.0,157.0,0.0,0.0
263,11,9,171.0,172.0,13,1,8,7.0,181,2,10,0,0,0.0,168.8,0.0,147.6,0.0,195.0,0.0,0.0,175.6,0.0,156.8,220.0,219.0,0.0,0.0
264,6,3,154.0,156.0,5,1,0,7.0,179,20,2,0,0,0.0,163.2,0.0,170.4,0.0,154.28571428571428,0.0,0.0,158.125,0.0,164.57142857142858,171.0,167.0,0.0,0.0
265,10,14,179.0,145.0,19,1,10,34.0,80,20,2,0,0,0.0,144.6,0.0,155.6,0.0,154.28571428571428,0.0,0.0,166.6,0.0,154.36363636363637,166.0,153.0,0.0,0.0
266,0,9,218.0,219.0,13,1,8,4.0,116,2,10,0,0,0.0,201.0,0.0,168.8,0.0,195.0,0.0,0.0,178.33333333333334,0.0,162.45454545454547,156.0,136.0,0.0,0.0
267,11,15,220.0,165.0,20,1,12,55.0,103,2,10,0,0,0.0,177.2,0.0,145.0,0.0,195.0,0.0,0.0,178.375,0.0,150.23529411764707,185.0,120.0,0.0,0.0
268,10,3,166.0,167.0,5,1,0,7.0,142,20,2,0,0,0.0,156.6,0.0,165.8,0.0,154.28571428571428,0.0,0.0,166.5625,0.0,164.73333333333332,125.0,139.0,0.0,0.0
286,0,9,156.0,136.0,3,0,14,20.0,202,9,0,0,0,0.0,194.6,0.0,175.4,0.0,163.7608695652174,0.0,0.0,176.9375,0.0,160.25,189.0,111.0,0.0,0.0
269,13,7,92.0,94.0,19,0,4,9.0,253,40,1,0,0,0.0,154.6,0.0,146.0,0.0,161.67857142857142,0.0,0.0,166.0,0.0,154.42857142857142,156.0,159.0,0.0,0.0
293,11,11,185.0,183.0,15,1,12,2.0,109,9,0,0,0,0.0,176.6,0.0,152.4,0.0,163.7608695652174,0.0,0.0,178.76470588235293,0.0,157.57142857142858,164.0,168.0,0.0,0.0
287,14,3,134.0,139.0,20,0,0,8.0,26,9,0,0,0,0.0,170.0,0.0,154.0,0.0,163.7608695652174,0.0,0.0,170.0,0.0,163.125,134.0,132.0,0.0,0.0
278,8,7,155.0,159.0,11,1,4,7.0,239,40,1,0,0,0.0,145.0,0.0,149.4,0.0,161.67857142857142,0.0,0.0,155.0,0.0,154.73333333333332,129.0,130.0,0.0,0.0
295,13,1,156.0,157.0,3,1,14,6.0,65,33,0,0,0,0.0,154.4,0.0,154.6,0.0,159.03571428571428,0.0,0.0,165.28571428571428,0.0,150.71428571428572,165.0,172.0,0.0,0.0
279,2,12,154.0,121.0,16,1,0,33.0,227,40,1,0,0,0.0,155.6,0.0,153.0,0.0,161.67857142857142,0.0,0.0,168.625,0.0,158.0,127.0,190.0,0.0,0.0
289,10,15,125.0,120.0,20,1,10,5.0,94,33,0,0,0,0.0,142.6,0.0,140.4,0.0,159.03571428571428,0.0,0.0,164.11764705882354,0.0,148.55555555555554,135.0,167.0,0.0,0.0
280,6,1,171.0,172.0,11,0,14,2.0,193,40,1,0,0,0.0,164.4,0.0,153.8,0.0,161.67857142857142,0.0,0.0,159.55555555555554,0.0,153.375,165.0,139.0,0.0,0.0
290,13,9,165.0,111.0,13,1,11,54.0,73,9,0,0,0,0.0,157.6,0.0,159.6,0.0,163.7608695652174,0.0,0.0,165.26666666666668,0.0,156.46153846153845,164.0,137.0,0.0,0.0
282,11,15,164.0,167.0,16,0,13,7.0,95,9,0,0,0,0.0,183.4,0.0,146.4,0.0,163.7608695652174,0.0,0.0,177.94444444444446,0.0,149.52631578947367,149.0,193.0,0.0,0.0
274,2,7,127.0,130.0,11,1,4,3.0,239,33,0,0,0,0.0,149.2,0.0,142.2,0.0,159.03571428571428,0.0,0.0,164.0,0.0,153.1875,164.0,119.0,0.0,0.0
281,10,9,135.0,137.0,13,1,8,6.0,116,40,1,0,0,0.0,145.6,0.0,155.0,0.0,161.67857142857142,0.0,0.0,162.5,0.0,155.07142857142858,206.0,94.0,0.0,0.0
285,11,14,149.0,153.0,19,1,11,7.0,264,9,0,0,0,0.0,177.8,0.0,152.2,0.0,163.7608695652174,0.0,0.0,176.42105263157896,0.0,154.25,90.0,137.0,0.0,0.0
273,14,1,134.0,139.0,3,1,14,6.0,104,33,0,0,0,0.0,157.8,0.0,149.6,0.0,159.03571428571428,0.0,0.0,164.0,0.0,151.77777777777777,115.0,173.0,0.0,0.0
284,6,11,165.0,168.0,15,1,10,5.0,105,9,0,0,0,0.0,162.0,0.0,157.0,0.0,163.7608695652174,0.0,0.0,160.1,0.0,158.875,171.0,158.0,0.0,0.0
294,8,3,129.0,132.0,5,1,0,4.0,31,33,0,0,0,0.0,140.4,0.0,152.8,0.0,159.03571428571428,0.0,0.0,152.83333333333334,0.0,161.2941176470588,235.0,139.0,0.0,0.0
271,0,12,189.0,190.0,16,1,12,7.0,202,40,1,0,0,0.0,194.8,0.0,147.6,0.0,161.67857142857142,0.0,0.0,177.64705882352942,0.0,161.2,136.0,85.0,0.0,0.0
272,13,11,164.0,158.0,19,0,11,6.0,73,33,0,0,0,0.0,149.6,0.0,160.2,0.0,159.03571428571428,0.0,0.0,165.1875,0.0,158.77777777777777,138.0,139.0,0.0,0.0
291,14,7,115.0,119.0,20,0,4,6.0,229,9,0,0,0,0.0,142.2,0.0,125.6,0.0,163.7608695652174,0.0,0.0,157.0,0.0,151.1764705882353,141.0,139.0,0.0,0.0
292,0,3,136.0,139.0,5,1,0,3.0,31,9,0,0,0,0.0,178.0,0.0,146.6,0.0,163.7608695652174,0.0,0.0,175.33333333333334,0.0,160.05555555555554,134.0,147.0,0.0,0.0
275,11,9,90.0,94.0,13,1,8,8.0,165,33,0,0,0,0.0,161.6,0.0,139.4,0.0,159.03571428571428,0.0,0.0,172.1,0.0,151.0,216.0,201.0,0.0,0.0
277,14,14,141.0,137.0,19,1,13,4.0,107,40,1,0,0,0.0,139.0,0.0,147.6,0.0,161.67857142857142,0.0,0.0,155.0,0.0,152.92307692307693,142.0,166.0,0.0,0.0
276,0,11,134.0,139.0,15,1,10,6.0,105,9,0,0,0,0.0,166.6,0.0,156.0,0.0,163.7608695652174,0.0,0.0,173.1578947368421,0.0,156.8,192.0,157.0,0.0,0.0
288,6,12,171.0,85.0,16,1,4,86.0,223,33,0,0,0,0.0,158.8,0.0,134.6,0.0,159.03571428571428,0.0,0.0,161.0909090909091,0.0,154.27272727272728,174.0,226.0,0.0,0.0
283,2,14,164.0,166.0,19,1,11,7.0,236,9,0,0,0,0.0,150.2,0.0,144.6,0.0,163.7608695652174,0.0,0.0,164.0,0.0,153.85714285714286,172.0,109.0,0.0,0.0
270,8,15,235.0,193.0,13,0,8,42.0,88,40,1,0,0,0.0,157.4,0.0,160.8,0.0,161.67857142857142,0.0,0.0,159.15384615384616,0.0,151.7,162.0,153.0,0.0,0.0
296,2,1,172.0,173.0,3,1,14,4.0,202,9,0,0,0,0.0,155.2,0.0,162.8,0.0,163.7608695652174,0.0,0.0,164.72727272727272,0.0,153.9,135.0,166.0,0.0,0.0
297,13,7,138.0,139.0,19,0,4,4.0,239,33,0,0,0,0.0,143.0,0.0,128.2,0.0,159.03571428571428,0.0,0.0,163.58823529411765,0.0,150.5,163.0,136.0,0.0,0.0
298,2,7,135.0,136.0,11,1,4,3.0,254,33,0,0,0,0.0,150.4,0.0,136.6,0.0,159.03571428571428,0.0,0.0,162.25,0.0,149.73684210526315,157.0,165.0,0.0,0.0
299,0,7,192.0,165.0,11,1,14,27.0,69,9,0,0,0,0.0,161.4,0.0,137.8,0.0,163.7608695652174,0.0,0.0,174.1,0.0,150.5,167.0,146.0,0.0,0.0
180,8,1,162.0,166.0,3,1,14,5.0,17,40,1,0,0,0.0,162.4,0.0,161.4,0.0,161.67857142857142,0.0,0.0,159.35714285714286,0.0,155.0,195.0,200.0,0.0,0.0
181,2,11,157.0,157.0,9,1,17,0.0,138,9,0,0,0,0.0,151.0,0.0,161.0,0.0,163.7608695652174,0.0,0.0,161.84615384615384,0.0,156.8181818181818,175.0,143.0,0.0,0.0
222,13,15,163.0,153.0,20,1,11,10.0,264,9,0,0,0,0.0,157.2,0.0,159.6,0.0,163.7608695652174,0.0,0.0,163.55555555555554,0.0,151.76190476190476,201.0,174.0,0.0,0.0
184,11,1,216.0,200.0,3,1,12,16.0,211,33,0,0,0,0.0,160.8,0.0,170.0,0.0,159.03571428571428,0.0,0.0,174.1904761904762,0.0,158.75,154.0,131.0,0.0,0.0
196,8,7,195.0,146.0,11,1,8,49.0,199,40,1,0,0,0.0,175.2,0.0,141.0,0.0,161.67857142857142,0.0,0.0,161.73333333333332,0.0,150.28571428571428,191.0,145.0,0.0,0.0
198,10,14,206.0,109.0,19,1,5,97.0,105,9,0,0,0,0.0,162.2,0.0,142.0,0.0,163.7608695652174,0.0,0.0,164.78947368421052,0.0,150.86666666666667,223.0,158.0,0.0,0.0
227,2,1,175.0,131.0,3,1,0,44.0,179,9,0,0,0,0.0,160.6,0.0,161.8,0.0,163.7608695652174,0.0,0.0,162.78571428571428,0.0,156.6153846153846,228.0,157.0,0.0,0.0
233,14,7,142.0,145.0,20,0,4,7.0,229,40,1,0,0,0.0,133.2,0.0,146.2,0.0,161.67857142857142,0.0,0.0,153.55555555555554,0.0,150.04545454545453,162.0,210.0,0.0,0.0
215,10,12,223.0,226.0,16,1,12,4.0,211,33,0,0,0,0.0,171.0,0.0,151.2,0.0,159.03571428571428,0.0,0.0,167.7,0.0,160.25,178.0,137.0,0.0,0.0
235,13,9,201.0,201.0,13,1,17,0.0,5,9,0,0,0,0.0,166.2,0.0,135.8,0.0,163.7608695652174,0.0,0.0,165.52631578947367,0.0,154.125,169.0,166.0,0.0,0.0
220,14,3,162.0,147.0,5,1,13,15.0,190,40,1,0,0,0.0,138.8,0.0,144.8,0.0,161.67857142857142,0.0,0.0,154.4,0.0,159.3684210526316,164.0,185.0,0.0,0.0
192,6,12,174.0,137.0,16,1,4,37.0,223,9,0,0,0,0.0,167.0,0.0,151.8,0.0,163.7608695652174,0.0,0.0,162.16666666666666,0.0,158.46153846153845,167.0,136.0,0.0,0.0
191,8,11,191.0,143.0,9,1,8,48.0,116,40,1,0,0,0.0,182.4,0.0,153.0,0.0,161.67857142857142,0.0,0.0,163.5625,0.0,155.66666666666666,208.0,132.0,0.0,0.0
204,14,1,164.0,157.0,20,0,13,7.0,180,9,0,0,0,0.0,144.8,0.0,165.4,0.0,163.7608695652174,0.0,0.0,155.27272727272728,0.0,156.64285714285714,201.0,181.0,0.0,0.0
202,11,14,154.0,158.0,16,0,11,8.0,264,40,1,0,0,0.0,154.6,0.0,144.6,0.0,161.67857142857142,0.0,0.0,173.27272727272728,0.0,151.3125,177.0,137.0,0.0,0.0
203,2,7,228.0,210.0,11,1,0,18.0,227,33,0,0,0,0.0,173.4,0.0,160.4,0.0,159.03571428571428,0.0,0.0,167.13333333333333,0.0,152.65217391304347,196.0,112.0,0.0,0.0
226,8,15,208.0,174.0,13,0,8,34.0,248,33,0,0,0,0.0,198.2,0.0,161.4,0.0,159.03571428571428,0.0,0.0,166.1764705882353,0.0,152.77272727272728,193.0,147.0,0.0,0.0
201,10,1,178.0,181.0,9,0,14,10.0,216,9,0,0,0,0.0,173.4,0.0,167.0,0.0,163.7608695652174,0.0,0.0,168.1904761904762,0.0,158.26666666666668,126.0,157.0,0.0,0.0
207,2,14,196.0,137.0,19,1,0,59.0,31,9,0,0,0,0.0,178.2,0.0,141.4,0.0,163.7608695652174,0.0,0.0,168.9375,0.0,150.47058823529412,184.0,179.0,0.0,0.0
199,8,12,193.0,136.0,13,0,8,57.0,242,40,1,0,0,0.0,189.8,0.0,154.8,0.0,161.67857142857142,0.0,0.0,167.66666666666666,0.0,156.85714285714286,176.0,138.0,0.0,0.0
189,6,1,167.0,157.0,11,0,4,10.0,187,40,1,0,0,0.0,169.6,0.0,165.2,0.0,161.67857142857142,0.0,0.0,162.53846153846155,0.0,158.1875,164.0,132.0,0.0,0.0
230,14,11,201.0,132.0,20,0,13,69.0,102,9,0,0,0,0.0,162.0,0.0,145.8,0.0,163.7608695652174,0.0,0.0,159.08333333333334,0.0,153.84615384615384,158.0,162.0,0.0,0.0
188,2,12,184.0,138.0,16,1,0,46.0,192,33,0,0,0,0.0,188.0,0.0,144.4,0.0,159.03571428571428,0.0,0.0,169.8235294117647,0.0,155.6,162.0,163.0,0.0,0.0
211,6,11,164.0,162.0,11,0,4,2.0,62,40,1,0,0,0.0,168.2,0.0,146.6,0.0,161.67857142857142,0.0,0.0,162.64285714285714,0.0,154.42857142857142,148.0,177.0,0.0,0.0
213,13,1,169.0,132.0,19,0,11,37.0,256,9,0,0,0,0.0,167.0,0.0,151.6,0.0,163.7608695652174,0.0,0.0,165.7,0.0,156.64705882352942,194.0,150.0,0.0,0.0
195,14,12,158.0,163.0,20,0,12,5.0,186,9,0,0,0,0.0,165.4,0.0,160.0,0.0,163.7608695652174,0.0,0.0,159.0,0.0,156.0625,219.0,148.0,0.0,0.0
217,2,9,162.0,166.0,5,0,8,5.0,181,40,1,0,0,0.0,189.0,0.0,141.8,0.0,161.67857142857142,0.0,0.0,169.38888888888889,0.0,154.8235294117647,161.0,149.0,0.0,0.0
228,13,7,194.0,112.0,19,0,11,82.0,5,33,0,0,0,0.0,173.0,0.0,155.6,0.0,159.03571428571428,0.0,0.0,167.04761904761904,0.0,150.95833333333334,171.0,183.0,0.0,0.0
216,0,15,167.0,147.0,3,0,14,20.0,193,9,0,0,0,0.0,163.6,0.0,166.8,0.0,163.7608695652174,0.0,0.0,173.76190476190476,0.0,152.52173913043478,179.0,163.0,0.0,0.0
231,2,12,161.0,148.0,5,0,0,13.0,26,9,0,0,0,0.0,186.2,0.0,144.4,0.0,163.7608695652174,0.0,0.0,168.94736842105263,0.0,155.58823529411765,164.0,126.0,0.0,0.0
219,13,11,171.0,177.0,19,0,5,8.0,105,33,0,0,0,0.0,179.6,0.0,154.2,0.0,159.03571428571428,0.0,0.0,167.22727272727272,0.0,155.93333333333334,145.0,176.0,0.0,0.0
214,6,9,148.0,149.0,11,0,8,8.0,181,40,1,0,0,0.0,164.8,0.0,149.4,0.0,161.67857142857142,0.0,0.0,161.66666666666666,0.0,154.5,163.0,116.0,0.0,0.0
210,11,14,177.0,179.0,16,0,11,7.0,5,9,0,0,0,0.0,157.2,0.0,149.8,0.0,163.7608695652174,0.0,0.0,173.43478260869566,0.0,152.05555555555554,154.0,85.0,0.0,0.0
197,0,3,179.0,185.0,3,0,0,5.0,220,33,0,0,0,0.0,161.6,0.0,148.4,0.0,159.03571428571428,0.0,0.0,174.0,0.0,160.65,125.0,135.0,0.0,0.0
200,6,15,163.0,163.0,20,1,17,0.0,125,40,1,0,0,0.0,163.2,0.0,166.0,0.0,161.67857142857142,0.0,0.0,161.75,0.0,152.95833333333334,84.0,156.0,0.0,0.0
205,8,11,176.0,176.0,13,0,17,0.0,105,9,0,0,0,0.0,192.6,0.0,158.0,0.0,163.7608695652174,0.0,0.0,168.10526315789474,0.0,157.1875,195.0,167.0,0.0,0.0
221,0,12,125.0,126.0,3,0,12,7.0,103,40,1,0,0,0.0,159.4,0.0,142.2,0.0,161.67857142857142,0.0,0.0,171.8695652173913,0.0,153.94444444444446,114.0,196.0,0.0,0.0
234,2,11,164.0,167.0,5,0,5,5.0,220,9,0,0,0,0.0,173.4,0.0,162.8,0.0,163.7608695652174,0.0,0.0,168.7,0.0,157.76470588235293,110.0,150.0,0.0,0.0
182,6,14,84.0,85.0,11,0,11,8.0,151,40,1,0,0,0.0,145.2,0.0,133.6,0.0,161.67857142857142,0.0,0.0,157.1764705882353,0.0,148.52631578947367,194.0,181.0,0.0,0.0
206,11,15,154.0,156.0,20,1,13,8.0,133,9,0,0,0,0.0,158.2,0.0,158.6,0.0,163.7608695652174,0.0,0.0,172.625,0.0,153.08,198.0,114.0,0.0,0.0
209,0,9,114.0,116.0,13,1,8,10.0,248,33,0,0,0,0.0,155.4,0.0,145.2,0.0,159.03571428571428,0.0,0.0,169.45833333333334,0.0,152.47368421052633,175.0,166.0,0.0,0.0
185,6,3,194.0,135.0,5,1,4,59.0,253,40,1,0,0,0.0,150.6,0.0,147.6,0.0,161.67857142857142,0.0,0.0,159.22222222222223,0.0,159.42857142857142,149.0,131.0,0.0,0.0
186,10,15,126.0,114.0,20,1,5,12.0,46,9,0,0,0,0.0,173.6,0.0,150.8,0.0,163.7608695652174,0.0,0.0,166.27272727272728,0.0,151.57692307692307,185.0,121.0,0.0,0.0
232,13,1,145.0,150.0,19,0,14,8.0,202,9,0,0,0,0.0,176.0,0.0,155.4,0.0,163.7608695652174,0.0,0.0,166.2608695652174,0.0,156.27777777777777,164.0,178.0,0.0,0.0
229,8,12,195.0,196.0,13,0,12,8.0,35,40,1,0,0,0.0,192.6,0.0,154.2,0.0,161.67857142857142,0.0,0.0,169.45,0.0,156.1578947368421,149.0,186.0,0.0,0.0
208,6,11,149.0,150.0,9,1,5,8.0,45,33,0,0,0,0.0,147.6,0.0,166.4,0.0,159.03571428571428,0.0,0.0,158.68421052631578,0.0,157.33333333333334,172.0,190.0,0.0,0.0
212,14,3,219.0,131.0,5,1,13,88.0,260,9,0,0,0,0.0,180.8,0.0,147.4,0.0,163.7608695652174,0.0,0.0,163.28571428571428,0.0,158.13636363636363,181.0,154.0,0.0,0.0
187,13,9,164.0,166.0,13,1,8,5.0,242,40,1,0,0,0.0,168.6,0.0,159.6,0.0,161.67857142857142,0.0,0.0,166.16666666666666,0.0,153.15,120.0,111.0,0.0,0.0
224,6,1,172.0,178.0,3,1,14,6.0,202,9,0,0,0,0.0,152.4,0.0,159.6,0.0,163.7608695652174,0.0,0.0,159.35,0.0,157.42105263157896,191.0,154.0,0.0,0.0
225,10,12,185.0,186.0,16,1,12,7.0,35,40,1,0,0,0.0,183.6,0.0,163.8,0.0,161.67857142857142,0.0,0.0,167.08695652173913,0.0,157.65,153.0,131.0,0.0,0.0
223,2,9,110.0,111.0,13,1,8,9.0,88,9,0,0,0,0.0,156.2,0.0,141.6,0.0,163.7608695652174,0.0,0.0,165.9047619047619,0.0,151.14285714285714,189.0,157.0,0.0,0.0
190,13,15,120.0,121.0,20,1,13,5.0,210,33,0,0,0,0.0,158.8,0.0,140.2,0.0,159.03571428571428,0.0,0.0,164.32,0.0,150.44444444444446,152.0,151.0,0.0,0.0
194,10,1,153.0,154.0,3,1,14,9.0,202,40,1,0,0,0.0,173.0,0.0,154.2,0.0,161.67857142857142,0.0,0.0,166.5,0.0,157.25,184.0,71.0,0.0,0.0
218,6,12,191.0,131.0,16,1,4,60.0,170,9,0,0,0,0.0,158.0,0.0,157.4,0.0,163.7608695652174,0.0,0.0,160.85714285714286,0.0,156.38095238095238,218.0,170.0,0.0,0.0
193,13,3,152.0,154.0,5,1,0,6.0,26,40,1,0,0,0.0,150.4,0.0,150.4,0.0,161.67857142857142,0.0,0.0,163.84615384615384,0.0,157.95652173913044,131.0,143.0,0.0,0.0
183,8,15,149.0,151.0,20,1,13,10.0,213,33,0,0,0,0.0,184.2,0.0,141.0,0.0,159.03571428571428,0.0,0.0,168.47619047619048,0.0,150.46428571428572,200.0,132.0,0.0,0.0
236,8,3,200.0,143.0,5,1,8,57.0,96,9,0,0,0,0.0,182.6,0.0,149.6,0.0,163.7608695652174,0.0,0.0,169.9090909090909,0.0,157.33333333333334,187.0,185.0,0.0,0.0
237,13,15,131.0,132.0,20,1,13,6.0,107,34,1,0,0,0.0,142.4,0.0,134.8,0.0,150.22222222222223,0.0,0.0,162.62962962962962,0.0,149.82758620689654,70.0,172.0,0.0,0.0
238,2,15,189.0,172.0,5,0,0,17.0,138,34,1,0,0,0.0,157.2,0.0,138.0,0.0,150.22222222222223,0.0,0.0,166.95454545454547,0.0,150.56666666666666,156.0,201.0,0.0,0.0
239,2,9,156.0,157.0,5,0,8,5.0,248,9,0,0,0,0.0,156.0,0.0,139.8,0.0,163.7608695652174,0.0,0.0,166.47826086956522,0.0,151.4090909090909,213.0,176.0,0.0,0.0
120,13,1,70.0,71.0,3,1,14,7.0,77,18,8,0,0,0.0,127.4,0.0,137.0,0.0,162.26865671641792,0.0,0.0,159.32142857142858,0.0,153.14285714285714,158.0,150.0,0.0,0.0
121,14,7,181.0,183.0,11,1,4,6.0,20,10,21,0,0,0.0,184.6,0.0,159.2,0.0,163.1578947368421,0.0,0.0,164.46666666666667,0.0,152.24,231.0,206.0,0.0,0.0
122,2,9,213.0,176.0,13,1,0,37.0,196,39,24,0,0,0.0,166.4,0.0,145.2,0.0,167.19230769230768,0.0,0.0,168.41666666666666,0.0,152.47826086956522,147.0,198.0,0.0,0.0
123,10,12,184.0,170.0,16,1,5,14.0,45,31,15,0,0,0.0,165.2,0.0,161.8,0.0,157.7826086956522,0.0,0.0,167.2,0.0,157.0,166.0,167.0,0.0,0.0
124,2,1,147.0,150.0,5,0,14,6.0,216,11,10,0,0,0.0,163.0,0.0,140.6,0.0,164.56338028169014,0.0,0.0,167.56,0.0,153.0,129.0,133.0,0.0,0.0
125,6,11,218.0,190.0,9,1,4,28.0,20,10,21,0,0,0.0,184.8,0.0,172.0,0.0,163.1578947368421,0.0,0.0,163.45454545454547,0.0,159.05263157894737,185.0,177.0,0.0,0.0
126,8,14,187.0,181.0,19,1,8,6.0,96,17,3,0,0,0.0,181.4,0.0,148.0,0.0,173.04109589041096,0.0,0.0,170.65217391304347,0.0,150.15,176.0,113.0,0.0,0.0
127,11,15,198.0,201.0,16,0,13,5.0,190,28,30,0,0,0.0,179.8,0.0,155.4,0.0,158.015873015873,0.0,0.0,173.64,0.0,152.19354838709677,139.0,131.0,0.0,0.0
128,8,11,176.0,177.0,9,1,5,8.0,142,26,22,0,0,0.0,181.4,0.0,172.0,0.0,169.57142857142858,0.0,0.0,170.875,0.0,159.95,170.0,138.0,0.0,0.0
129,6,3,185.0,185.0,5,1,17,0.0,179,11,10,0,0,0.0,183.0,0.0,149.6,0.0,164.56338028169014,0.0,0.0,164.3913043478261,0.0,158.44,108.0,152.0,0.0,0.0
130,14,14,231.0,113.0,19,1,13,118.0,102,28,30,0,0,0.0,198.0,0.0,139.0,0.0,158.015873015873,0.0,0.0,168.625,0.0,148.38095238095238,150.0,174.0,0.0,0.0
131,0,12,175.0,167.0,16,1,14,8.0,128,18,8,0,0,0.0,152.0,0.0,170.0,0.0,162.26865671641792,0.0,0.0,169.68,0.0,157.43478260869566,160.0,164.0,0.0,0.0
132,10,3,166.0,152.0,5,1,5,14.0,208,26,22,0,0,0.0,162.8,0.0,153.0,0.0,169.57142857142858,0.0,0.0,167.15384615384616,0.0,158.19230769230768,197.0,152.0,0.0,0.0
133,13,12,158.0,164.0,16,1,12,7.0,226,31,15,0,0,0.0,126.2,0.0,163.6,0.0,157.7826086956522,0.0,0.0,159.27586206896552,0.0,157.70833333333334,205.0,188.0,0.0,0.0
134,8,1,170.0,133.0,3,1,8,37.0,78,39,24,0,0,0.0,176.4,0.0,137.2,0.0,167.19230769230768,0.0,0.0,170.84,0.0,152.1304347826087,136.0,111.0,0.0,0.0
135,2,15,129.0,131.0,20,1,13,5.0,102,11,10,0,0,0.0,166.8,0.0,157.4,0.0,164.56338028169014,0.0,0.0,166.07692307692307,0.0,151.53125,155.0,96.0,0.0,0.0
136,13,7,205.0,206.0,11,1,4,5.0,20,17,3,0,0,0.0,143.2,0.0,171.2,0.0,173.04109589041096,0.0,0.0,160.8,0.0,154.30769230769232,149.0,140.0,0.0,0.0
137,0,11,160.0,138.0,3,0,14,22.0,77,18,8,0,0,0.0,150.6,0.0,164.4,0.0,162.26865671641792,0.0,0.0,169.30769230769232,0.0,158.9047619047619,132.0,151.0,0.0,0.0
138,8,15,136.0,96.0,20,1,8,40.0,16,28,30,0,0,0.0,173.8,0.0,146.4,0.0,158.015873015873,0.0,0.0,169.5,0.0,149.84848484848484,187.0,116.0,0.0,0.0
139,13,3,149.0,152.0,5,1,0,4.0,106,17,3,0,0,0.0,142.6,0.0,157.2,0.0,173.04109589041096,0.0,0.0,160.41935483870967,0.0,157.96296296296296,171.0,180.0,0.0,0.0
140,11,7,139.0,140.0,11,1,4,8.0,81,31,15,0,0,0.0,164.4,0.0,170.2,0.0,157.7826086956522,0.0,0.0,172.30769230769232,0.0,153.77777777777777,151.0,203.0,0.0,0.0
141,14,11,150.0,151.0,9,1,5,6.0,105,26,22,0,0,0.0,187.8,0.0,161.2,0.0,169.57142857142858,0.0,0.0,167.52941176470588,0.0,158.54545454545453,175.0,185.0,0.0,0.0
142,6,1,108.0,111.0,3,1,14,7.0,57,18,8,0,0,0.0,174.8,0.0,123.8,0.0,162.26865671641792,0.0,0.0,162.04166666666666,0.0,150.41666666666666,178.0,155.0,0.0,0.0
143,10,9,197.0,198.0,13,1,8,3.0,116,39,24,0,0,0.0,177.0,0.0,161.6,0.0,167.19230769230768,0.0,0.0,168.25925925925927,0.0,154.375,173.0,172.0,0.0,0.0
144,11,1,151.0,155.0,3,1,14,4.0,128,31,15,0,0,0.0,163.8,0.0,124.0,0.0,157.7826086956522,0.0,0.0,171.5185185185185,0.0,150.6,191.0,162.0,0.0,0.0
145,6,3,178.0,180.0,5,1,0,7.0,220,10,21,0,0,0.0,176.0,0.0,162.4,0.0,163.1578947368421,0.0,0.0,162.68,0.0,158.75,161.0,128.0,0.0,0.0
146,8,12,187.0,188.0,16,1,12,4.0,103,39,24,0,0,0.0,171.2,0.0,164.0,0.0,167.19230769230768,0.0,0.0,170.14814814814815,0.0,158.92,168.0,170.0,0.0,0.0
147,10,14,173.0,174.0,19,1,11,8.0,5,26,22,0,0,0.0,174.6,0.0,146.4,0.0,169.57142857142858,0.0,0.0,168.42857142857142,0.0,149.54545454545453,182.0,171.0,0.0,0.0
148,6,1,161.0,162.0,3,1,14,5.0,85,10,21,0,0,0.0,170.0,0.0,142.2,0.0,163.1578947368421,0.0,0.0,162.6153846153846,0.0,151.03846153846155,159.0,160.0,0.0,0.0
149,2,15,155.0,116.0,20,1,0,39.0,112,28,30,0,0,0.0,160.0,0.0,143.2,0.0,158.015873015873,0.0,0.0,165.66666666666666,0.0,148.85294117647058,187.0,137.0,0.0,0.0
150,13,9,171.0,172.0,13,1,8,5.0,121,39,24,0,0,0.0,150.6,0.0,162.8,0.0,167.19230769230768,0.0,0.0,160.75,0.0,155.08,213.0,198.0,0.0,0.0
151,10,12,182.0,170.0,16,1,5,12.0,192,26,22,0,0,0.0,180.4,0.0,171.8,0.0,169.57142857142858,0.0,0.0,168.89655172413794,0.0,159.34615384615384,163.0,162.0,0.0,0.0
152,0,15,132.0,137.0,3,0,13,6.0,56,28,30,0,0,0.0,141.2,0.0,136.2,0.0,158.015873015873,0.0,0.0,167.92592592592592,0.0,148.5142857142857,179.0,161.0,0.0,0.0
153,8,3,168.0,128.0,13,0,8,40.0,78,11,10,0,0,0.0,167.4,0.0,159.4,0.0,164.56338028169014,0.0,0.0,170.07142857142858,0.0,157.68965517241378,161.0,166.0,0.0,0.0
154,13,7,213.0,203.0,11,1,11,10.0,256,10,21,0,0,0.0,179.2,0.0,168.8,0.0,163.1578947368421,0.0,0.0,162.33333333333334,0.0,155.53571428571428,161.0,185.0,0.0,0.0
155,8,12,161.0,162.0,16,1,12,5.0,238,31,15,0,0,0.0,164.4,0.0,170.2,0.0,157.7826086956522,0.0,0.0,169.75862068965517,0.0,159.44444444444446,155.0,177.0,0.0,0.0
156,10,3,163.0,166.0,5,1,0,5.0,227,11,10,0,0,0.0,176.2,0.0,155.6,0.0,164.56338028169014,0.0,0.0,168.7,0.0,157.96666666666667,183.0,193.0,0.0,0.0
157,6,15,159.0,161.0,20,1,13,9.0,115,28,30,0,0,0.0,158.2,0.0,128.2,0.0,158.015873015873,0.0,0.0,162.4814814814815,0.0,148.86111111111111,175.0,162.0,0.0,0.0
158,13,1,161.0,160.0,3,1,11,1.0,169,17,3,0,0,0.0,179.8,0.0,144.2,0.0,173.04109589041096,0.0,0.0,162.2941176470588,0.0,151.37037037037038,202.0,176.0,0.0,0.0
159,11,3,191.0,193.0,5,1,0,6.0,196,31,15,0,0,0.0,166.6,0.0,163.8,0.0,157.7826086956522,0.0,0.0,172.21428571428572,0.0,159.09677419354838,115.0,99.0,0.0,0.0
160,14,1,175.0,176.0,3,1,14,6.0,216,18,8,0,0,0.0,191.2,0.0,152.8,0.0,162.26865671641792,0.0,0.0,167.94444444444446,0.0,152.25,160.0,109.0,0.0,0.0
161,13,11,202.0,185.0,9,1,11,17.0,5,17,3,0,0,0.0,179.2,0.0,168.2,0.0,173.04109589041096,0.0,0.0,163.42857142857142,0.0,159.69565217391303,0.0,167.0,0.0,0.0
162,6,12,175.0,177.0,16,1,12,3.0,252,10,21,0,0,0.0,156.2,0.0,172.2,0.0,163.1578947368421,0.0,0.0,162.92857142857142,0.0,160.07142857142858,232.0,161.0,0.0,0.0
163,8,1,155.0,109.0,3,1,8,46.0,199,18,8,0,0,0.0,161.4,0.0,152.4,0.0,162.26865671641792,0.0,0.0,169.26666666666668,0.0,150.75862068965517,162.0,151.0,0.0,0.0
164,14,12,160.0,161.0,16,1,12,7.0,97,31,15,0,0,0.0,179.4,0.0,171.6,0.0,157.7826086956522,0.0,0.0,167.52631578947367,0.0,160.10344827586206,212.0,41.0,0.0,0.0
165,2,14,187.0,171.0,5,0,0,16.0,220,11,10,0,0,0.0,166.2,0.0,144.8,0.0,164.56338028169014,0.0,0.0,166.42857142857142,0.0,150.47826086956522,147.0,178.0,0.0,0.0
166,6,9,232.0,198.0,13,1,4,34.0,20,10,21,0,0,0.0,181.0,0.0,180.2,0.0,163.1578947368421,0.0,0.0,165.31034482758622,0.0,156.73076923076923,133.0,134.0,0.0,0.0
167,14,11,212.0,167.0,9,1,13,45.0,56,28,30,0,0,0.0,185.6,0.0,163.6,0.0,158.015873015873,0.0,0.0,169.75,0.0,160.0,175.0,173.0,0.0,0.0
168,13,12,0.0,41.0,16,1,9,0.0,2,17,3,0,0,0.0,186.75,0.0,142.2,0.0,173.04109589041096,0.0,0.0,163.42857142857142,0.0,156.13333333333333,176.0,140.0,0.0,0.0
169,0,3,179.0,99.0,5,1,14,80.0,128,18,8,0,0,0.0,152.0,0.0,153.2,0.0,162.26865671641792,0.0,0.0,168.32142857142858,0.0,157.21875,170.0,121.0,0.0,0.0
170,8,15,162.0,162.0,13,0,17,0.0,96,39,24,0,0,0.0,166.6,0.0,134.4,0.0,167.19230769230768,0.0,0.0,169.03225806451613,0.0,149.21621621621622,149.0,127.0,0.0,0.0
171,10,7,183.0,185.0,11,1,4,7.0,229,26,22,0,0,0.0,179.6,0.0,183.4,0.0,169.57142857142858,0.0,0.0,169.16129032258064,0.0,156.55172413793105,155.0,177.0,0.0,0.0
172,11,3,115.0,121.0,16,0,0,5.0,18,11,10,0,0,0.0,158.8,0.0,141.4,0.0,164.56338028169014,0.0,0.0,170.24137931034483,0.0,156.12121212121212,125.0,165.0,0.0,0.0
173,14,14,175.0,178.0,19,1,11,4.0,221,17,3,0,0,0.0,174.4,0.0,163.4,0.0,173.04109589041096,0.0,0.0,170.0,0.0,151.625,162.0,159.0,0.0,0.0
174,0,11,170.0,173.0,9,1,5,6.0,105,26,22,0,0,0.0,163.2,0.0,162.8,0.0,169.57142857142858,0.0,0.0,168.3793103448276,0.0,160.52,131.0,167.0,0.0,0.0
175,6,9,133.0,134.0,13,1,8,9.0,78,39,24,0,0,0.0,172.0,0.0,175.6,0.0,167.19230769230768,0.0,0.0,164.23333333333332,0.0,155.88888888888889,202.0,132.0,0.0,0.0
176,0,9,131.0,132.0,3,0,8,6.0,242,18,8,0,0,0.0,154.4,0.0,166.8,0.0,162.26865671641792,0.0,0.0,167.13333333333333,0.0,155.03571428571428,204.0,87.0,0.0,0.0
177,14,3,162.0,165.0,5,1,0,2.0,196,1,31,0,0,0.0,176.8,0.0,148.8,0.0,154.5,0.0,0.0,169.63636363636363,0.0,156.38235294117646,118.0,60.0,0.0,0.0
178,2,1,147.0,151.0,3,1,14,6.0,69,1,31,0,0,0.0,153.0,0.0,151.6,0.0,154.5,0.0,0.0,165.75862068965517,0.0,150.76666666666668,166.0,148.0,0.0,0.0
179,8,1,149.0,148.0,13,0,8,1.0,96,28,30,0,0,0.0,159.0,0.0,148.8,0.0,158.015873015873,0.0,0.0,168.40625,0.0,150.67741935483872,165.0,169.0,0.0,0.0
60,8,1,165.0,169.0,3,1,14,1.0,65,39,24,0,0,0.0,158.4,0.0,150.6,0.0,167.19230769230768,0.0,0.0,168.3030303030303,0.0,151.25,147.0,205.0,0.0,0.0
61,2,11,166.0,167.0,9,1,5,6.0,105,26,22,0,0,0.0,156.8,0.0,168.6,0.0,169.57142857142858,0.0,0.0,165.76666666666668,0.0,160.76923076923077,174.0,126.0,0.0,0.0
62,13,7,176.0,177.0,11,1,4,4.0,239,10,21,0,0,0.0,188.0,0.0,182.2,0.0,163.1578947368421,0.0,0.0,163.77777777777777,0.0,157.23333333333332,205.0,163.0,0.0,0.0
63,11,15,125.0,127.0,20,1,13,9.0,220,28,30,0,0,0.0,144.2,0.0,140.6,0.0,158.015873015873,0.0,0.0,168.73333333333332,0.0,148.6315789473684,0.0,151.0,0.0,0.0
64,6,1,202.0,205.0,3,1,14,5.0,207,18,8,0,0,0.0,180.2,0.0,156.4,0.0,162.26865671641792,0.0,0.0,165.4516129032258,0.0,152.87878787878788,138.0,193.0,0.0,0.0
65,11,3,0.0,60.0,6,1,12,10.0,211,31,15,0,0,0.0,145.5,0.0,127.6,0.0,157.7826086956522,0.0,0.0,168.73333333333332,0.0,153.62857142857143,217.0,195.0,0.0,0.0
66,8,15,147.0,151.0,20,1,13,1.0,190,28,30,0,0,0.0,155.6,0.0,147.6,0.0,158.015873015873,0.0,0.0,167.6764705882353,0.0,148.69230769230768,194.0,139.0,0.0,0.0
67,10,14,155.0,159.0,19,1,11,4.0,250,17,4,0,0,0.0,171.2,0.0,159.0,0.0,173.04109589041096,0.0,0.0,168.71875,0.0,151.92,197.0,198.0,0.0,0.0
68,8,3,194.0,195.0,6,1,2,7.0,95,39,24,0,0,0.0,163.4,0.0,128.0,0.0,167.19230769230768,0.0,0.0,168.42857142857142,0.0,154.77777777777777,213.0,129.0,0.0,0.0
69,6,15,138.0,139.0,20,1,13,5.0,38,10,21,0,0,0.0,176.0,0.0,148.0,0.0,163.1578947368421,0.0,0.0,164.59375,0.0,148.45,200.0,178.0,0.0,0.0
70,11,14,217.0,198.0,19,1,12,19.0,211,17,4,0,0,0.0,162.0,0.0,176.0,0.0,173.04109589041096,0.0,0.0,170.29032258064515,0.0,153.69230769230768,160.0,167.0,0.0,0.0
71,10,1,197.0,193.0,3,1,5,4.0,45,26,22,0,0,0.0,176.0,0.0,173.2,0.0,169.57142857142858,0.0,0.0,169.57575757575756,0.0,154.05882352941177,193.0,207.0,0.0,0.0
72,6,3,200.0,129.0,6,1,4,71.0,166,10,21,0,0,0.0,181.0,0.0,134.0,0.0,163.1578947368421,0.0,0.0,165.66666666666666,0.0,154.0810810810811,191.0,139.0,0.0,0.0
73,8,14,213.0,167.0,19,1,8,46.0,199,39,24,0,0,0.0,173.6,0.0,174.6,0.0,167.19230769230768,0.0,0.0,169.66666666666666,0.0,154.1851851851852,167.0,176.0,0.0,0.0
74,11,7,160.0,163.0,11,1,4,7.0,166,31,15,0,0,0.0,154.25,0.0,173.6,0.0,157.7826086956522,0.0,0.0,169.96875,0.0,157.41935483870967,152.0,164.0,0.0,0.0
75,10,15,193.0,178.0,9,0,5,15.0,45,26,22,0,0,0.0,178.2,0.0,151.4,0.0,169.57142857142858,0.0,0.0,170.26470588235293,0.0,149.17073170731706,143.0,178.0,0.0,0.0
76,0,12,204.0,140.0,16,1,14,64.0,216,19,26,0,0,0.0,163.2,0.0,136.2,0.0,169.73529411764707,0.0,0.0,168.32258064516128,0.0,155.61290322580646,182.0,168.0,0.0,0.0
77,6,11,191.0,126.0,9,1,5,9.0,105,10,21,0,0,0.0,172.8,0.0,163.6,0.0,163.1578947368421,0.0,0.0,166.41176470588235,0.0,159.4814814814815,245.0,119.0,0.0,0.0
78,2,14,174.0,176.0,19,1,11,6.0,5,17,4,0,0,0.0,165.8,0.0,175.6,0.0,173.04109589041096,0.0,0.0,166.03225806451613,0.0,154.96428571428572,219.0,141.0,0.0,0.0
79,0,15,182.0,178.0,20,1,14,4.0,17,28,30,0,0,0.0,173.2,0.0,154.6,0.0,158.015873015873,0.0,0.0,168.75,0.0,149.85714285714286,169.0,164.0,0.0,0.0
80,8,12,167.0,168.0,13,0,12,3.0,100,31,15,0,0,0.0,177.2,0.0,137.4,0.0,157.7826086956522,0.0,0.0,169.59459459459458,0.0,156.0,181.0,140.0,0.0,0.0
81,10,3,143.0,139.0,6,1,5,4.0,25,11,10,0,0,0.0,174.2,0.0,137.6,0.0,164.56338028169014,0.0,0.0,169.4857142857143,0.0,153.68421052631578,174.0,198.0,0.0,0.0
82,14,9,118.0,87.0,13,1,13,31.0,190,39,24,0,0,0.0,165.4,0.0,144.6,0.0,167.19230769230768,0.0,0.0,167.3913043478261,0.0,152.68965517241378,132.0,170.0,0.0,0.0
83,13,1,205.0,207.0,3,1,14,5.0,128,17,4,0,0,0.0,186.0,0.0,184.4,0.0,173.04109589041096,0.0,0.0,164.8918918918919,0.0,155.57142857142858,175.0,128.0,0.0,0.0
84,14,11,132.0,119.0,9,1,13,13.0,25,28,30,0,0,0.0,159.8,0.0,150.4,0.0,158.015873015873,0.0,0.0,165.91666666666666,0.0,158.03571428571428,151.0,155.0,0.0,0.0
85,2,7,219.0,164.0,11,1,2,55.0,227,11,10,0,0,0.0,178.6,0.0,178.4,0.0,164.56338028169014,0.0,0.0,167.6875,0.0,157.625,0.0,176.0,0.0,0.0
86,0,9,169.0,170.0,13,1,8,8.0,199,19,26,0,0,0.0,171.2,0.0,144.2,0.0,169.73529411764707,0.0,0.0,168.75757575757575,0.0,153.26666666666668,211.0,153.0,0.0,0.0
87,14,12,151.0,140.0,20,0,13,11.0,107,31,15,0,0,0.0,147.6,0.0,130.0,0.0,157.7826086956522,0.0,0.0,165.32,0.0,155.5151515151515,146.0,146.0,0.0,0.0
88,13,7,175.0,176.0,11,1,4,6.0,47,17,4,0,0,0.0,189.5,0.0,173.0,0.0,173.04109589041096,0.0,0.0,165.1578947368421,0.0,158.1818181818182,167.0,180.0,0.0,0.0
89,0,3,211.0,198.0,6,1,14,13.0,216,19,26,0,0,0.0,179.4,0.0,144.2,0.0,169.73529411764707,0.0,0.0,170.0,0.0,154.82051282051282,177.0,142.0,0.0,0.0
90,13,9,167.0,153.0,13,1,11,14.0,246,17,4,0,0,0.0,180.75,0.0,135.2,0.0,173.04109589041096,0.0,0.0,165.2051282051282,0.0,153.25806451612902,127.0,176.0,0.0,0.0
91,2,12,0.0,146.0,16,1,2,4.0,196,11,10,0,0,0.0,176.5,0.0,127.0,0.0,164.56338028169014,0.0,0.0,167.6875,0.0,155.23529411764707,163.0,177.0,0.0,0.0
92,0,7,177.0,180.0,11,1,4,6.0,239,10,21,0,0,0.0,188.6,0.0,172.0,0.0,163.1578947368421,0.0,0.0,170.2,0.0,158.8235294117647,176.0,168.0,0.0,0.0
93,10,9,174.0,176.0,13,1,8,6.0,242,14,14,0,0,0.0,172.4,0.0,143.6,0.0,160.33333333333334,0.0,0.0,169.61111111111111,0.0,153.96875,88.0,163.0,0.0,0.0
94,13,1,127.0,128.0,3,1,14,6.0,193,19,26,0,0,0.0,170.0,0.0,180.4,0.0,169.73529411764707,0.0,0.0,164.25,0.0,154.80555555555554,218.0,180.0,0.0,0.0
95,2,15,163.0,164.0,6,0,13,7.0,190,28,30,0,0,0.0,180.5,0.0,162.0,0.0,158.015873015873,0.0,0.0,167.54545454545453,0.0,150.1860465116279,187.0,191.0,0.0,0.0
96,8,7,181.0,168.0,11,1,8,13.0,78,39,24,0,0,0.0,180.4,0.0,170.2,0.0,167.19230769230768,0.0,0.0,169.89473684210526,0.0,159.0857142857143,210.0,108.0,0.0,0.0
97,11,11,152.0,155.0,9,1,5,6.0,157,14,14,0,0,0.0,163.5,0.0,148.0,0.0,160.33333333333334,0.0,0.0,169.42424242424244,0.0,157.93103448275863,158.0,143.0,0.0,0.0
98,14,14,146.0,141.0,19,1,13,5.0,107,28,30,0,0,0.0,141.8,0.0,168.2,0.0,158.015873015873,0.0,0.0,164.57692307692307,0.0,154.48275862068965,179.0,187.0,0.0,0.0
99,11,11,158.0,143.0,16,0,12,15.0,103,31,15,0,0,0.0,171.75,0.0,142.0,0.0,157.7826086956522,0.0,0.0,169.08823529411765,0.0,157.43333333333334,142.0,214.0,0.0,0.0
100,8,7,210.0,108.0,11,1,8,102.0,88,10,21,0,0,0.0,193.0,0.0,159.2,0.0,163.1578947368421,0.0,0.0,170.92307692307693,0.0,157.66666666666666,168.0,145.0,0.0,0.0
101,2,15,187.0,191.0,6,0,13,9.0,220,11,10,0,0,0.0,185.75,0.0,170.0,0.0,164.56338028169014,0.0,0.0,168.11764705882354,0.0,151.11363636363637,181.0,204.0,0.0,0.0
102,0,12,176.0,177.0,3,0,12,4.0,103,31,15,0,0,0.0,183.0,0.0,154.2,0.0,157.7826086956522,0.0,0.0,170.36111111111111,0.0,155.85714285714286,150.0,171.0,0.0,0.0
103,6,11,245.0,214.0,9,1,4,31.0,239,14,14,0,0,0.0,195.2,0.0,151.4,0.0,160.33333333333334,0.0,0.0,168.65714285714284,0.0,159.25806451612902,169.0,183.0,0.0,0.0
104,2,14,181.0,187.0,19,1,11,5.0,5,11,10,0,0,0.0,187.5,0.0,173.8,0.0,164.56338028169014,0.0,0.0,168.4857142857143,0.0,155.56666666666666,162.0,92.0,0.0,0.0
105,14,1,179.0,180.0,3,1,14,8.0,17,19,26,0,0,0.0,145.2,0.0,182.6,0.0,169.73529411764707,0.0,0.0,165.11111111111111,0.0,155.48648648648648,172.0,128.0,0.0,0.0
106,8,12,168.0,171.0,16,1,12,7.0,103,39,24,0,0,0.0,187.8,0.0,160.4,0.0,167.19230769230768,0.0,0.0,170.85,0.0,156.27777777777777,186.0,144.0,0.0,0.0
107,10,14,88.0,92.0,19,1,11,10.0,250,14,14,0,0,0.0,159.0,0.0,152.6,0.0,160.33333333333334,0.0,0.0,167.40540540540542,0.0,153.51612903225808,153.0,134.0,0.0,0.0
108,11,7,142.0,145.0,11,1,4,6.0,118,10,21,0,0,0.0,165.8,0.0,155.4,0.0,163.1578947368421,0.0,0.0,168.31428571428572,0.0,157.32432432432432,164.0,173.0,0.0,0.0
109,8,11,186.0,183.0,9,1,8,3.0,96,39,24,0,0,0.0,182.4,0.0,162.8,0.0,167.19230769230768,0.0,0.0,171.21951219512195,0.0,160.0,184.0,164.0,0.0,0.0
110,13,15,218.0,204.0,20,1,11,14.0,5,17,4,0,0,0.0,178.4,0.0,183.0,0.0,173.04109589041096,0.0,0.0,165.5609756097561,0.0,152.2888888888889,157.0,140.0,0.0,0.0
111,2,1,162.0,128.0,3,1,2,34.0,82,11,10,0,0,0.0,173.25,0.0,167.2,0.0,164.56338028169014,0.0,0.0,168.30555555555554,0.0,154.76315789473685,174.0,159.0,0.0,0.0
112,11,14,164.0,134.0,16,0,12,30.0,226,31,15,0,0,0.0,155.2,0.0,146.0,0.0,157.7826086956522,0.0,0.0,168.19444444444446,0.0,152.90625,162.0,172.0,0.0,0.0
113,14,7,172.0,173.0,20,0,4,5.0,47,28,30,0,0,0.0,156.0,0.0,154.8,0.0,158.015873015873,0.0,0.0,165.35714285714286,0.0,157.73684210526315,139.0,160.0,0.0,0.0
114,2,9,174.0,163.0,6,0,2,11.0,18,11,10,0,0,0.0,173.4,0.0,149.8,0.0,164.56338028169014,0.0,0.0,168.45945945945945,0.0,154.24242424242425,205.0,180.0,0.0,0.0
115,10,1,153.0,159.0,3,1,14,5.0,127,19,26,0,0,0.0,150.2,0.0,160.4,0.0,169.73529411764707,0.0,0.0,167.02631578947367,0.0,154.87179487179486,170.0,140.0,0.0,0.0
116,14,1,139.0,140.0,3,1,14,2.0,69,39,24,0,0,0.0,157.4,0.0,147.0,0.0,167.19230769230768,0.0,0.0,164.44827586206895,0.0,154.5,174.0,181.0,0.0,0.0
117,6,12,169.0,144.0,16,1,4,25.0,20,10,21,0,0,0.0,188.6,0.0,155.6,0.0,163.1578947368421,0.0,0.0,168.66666666666666,0.0,155.94594594594594,178.0,186.0,0.0,0.0
118,14,7,174.0,160.0,11,1,13,14.0,190,10,21,0,0,0.0,162.0,0.0,150.8,0.0,163.1578947368421,0.0,0.0,164.76666666666668,0.0,157.7948717948718,178.0,184.0,0.0,0.0
119,14,1,178.0,181.0,3,1,14,8.0,216,39,24,0,0,0.0,168.4,0.0,157.6,0.0,167.19230769230768,0.0,0.0,165.19354838709677,0.0,155.14634146341464,207.0,189.0,0.0,0.0
0,14,14,207.0,172.0,19,1,13,35.0,263,28,30,0,0,0.0,174.0,0.0,145.2,0.0,158.015873015873,0.0,0.0,166.5,0.0,153.4848484848485,158.0,134.0,0.0,0.0
1,8,13,184.0,187.0,17,1,15,7.0,238,19,26,0,0,0.0,185.8,0.0,187.0,0.0,169.73529411764707,0.0,0.0,171.52380952380952,0.0,187.0,142.0,108.0,0.0,0.0
2,3,7,183.0,184.0,11,1,4,10.0,47,30,28,0,0,0.0,183.0,0.0,154.0,0.0,168.9,0.0,0.0,183.0,0.0,158.45,135.0,171.0,0.0,0.0
3,12,11,163.0,164.0,9,1,5,6.0,73,14,14,0,0,0.0,163.0,0.0,171.8,0.0,160.33333333333334,0.0,0.0,163.0,0.0,160.12121212121212,171.0,150.0,0.0,0.0
4,13,3,157.0,142.0,19,0,11,15.0,111,17,3,0,0,0.0,168.8,0.0,160.6,0.0,173.04109589041096,0.0,0.0,165.35714285714286,0.0,154.5,148.0,176.0,0.0,0.0
5,3,15,135.0,140.0,20,1,13,9.0,190,28,30,0,0,0.0,159.0,0.0,175.4,0.0,158.015873015873,0.0,0.0,159.0,0.0,152.02173913043478,176.0,155.0,0.0,0.0
6,6,9,178.0,180.0,13,1,8,4.0,166,39,24,0,0,0.0,196.6,0.0,168.4,0.0,167.19230769230768,0.0,0.0,168.9189189189189,0.0,155.0,172.0,159.0,0.0,0.0
7,13,11,148.0,150.0,19,0,5,8.0,31,14,14,0,0,0.0,163.4,0.0,170.8,0.0,160.33333333333334,0.0,0.0,164.95348837209303,0.0,159.8235294117647,142.0,137.0,0.0,0.0
8,2,13,205.0,108.0,17,1,2,97.0,211,19,26,0,0,0.0,181.8,0.0,147.5,0.0,169.73529411764707,0.0,0.0,169.42105263157896,0.0,147.5,188.0,179.0,0.0,0.0
9,14,9,158.0,159.0,13,1,8,4.0,96,39,24,0,0,0.0,171.2,0.0,166.2,0.0,167.19230769230768,0.0,0.0,166.24242424242425,0.0,155.11428571428573,159.0,145.0,0.0,0.0
10,10,7,170.0,171.0,11,1,4,8.0,239,10,21,0,0,0.0,145.6,0.0,166.6,0.0,163.1578947368421,0.0,0.0,167.10256410256412,0.0,158.7560975609756,198.0,169.0,0.0,0.0
11,13,9,142.0,145.0,13,1,8,4.0,116,17,3,0,0,0.0,158.4,0.0,164.6,0.0,173.04109589041096,0.0,0.0,164.4318181818182,0.0,154.83333333333334,213.0,177.0,0.0,0.0
12,12,4,171.0,172.0,7,1,3,7.0,22,30,28,0,0,0.0,167.0,0.0,172.0,0.0,168.9,0.0,0.0,167.0,0.0,172.0,161.0,192.0,0.0,0.0
13,6,15,172.0,155.0,20,1,4,17.0,198,10,21,0,0,0.0,191.0,0.0,170.8,0.0,163.1578947368421,0.0,0.0,169.0,0.0,152.08510638297872,187.0,136.0,0.0,0.0
14,2,11,188.0,137.0,6,0,2,51.0,49,11,10,0,0,0.0,182.0,0.0,169.6,0.0,164.56338028169014,0.0,0.0,169.89743589743588,0.0,159.17142857142858,168.0,154.0,0.0,0.0
15,3,9,176.0,177.0,13,1,8,6.0,166,39,24,0,0,0.0,164.66666666666666,0.0,164.8,0.0,167.19230769230768,0.0,0.0,164.66666666666666,0.0,155.43243243243242,153.0,199.0,0.0,0.0
16,12,14,161.0,134.0,19,1,15,27.0,35,17,3,0,0,0.0,165.0,0.0,143.8,0.0,173.04109589041096,0.0,0.0,165.0,0.0,152.91176470588235,160.0,49.0,0.0,0.0
17,2,7,168.0,169.0,6,0,4,4.0,165,11,10,0,0,0.0,179.4,0.0,171.4,0.0,164.56338028169014,0.0,0.0,169.85,0.0,159.0,160.0,184.0,0.0,0.0
18,14,11,159.0,154.0,9,1,13,5.0,37,28,30,0,0,0.0,175.2,0.0,157.6,0.0,158.015873015873,0.0,0.0,166.02941176470588,0.0,159.02777777777777,191.0,181.0,0.0,0.0
19,13,4,213.0,192.0,7,1,11,21.0,45,30,28,0,0,0.0,175.6,0.0,182.0,0.0,168.9,0.0,0.0,165.51111111111112,0.0,182.0,0.0,188.0,0.0,0.0
20,14,3,191.0,176.0,20,0,13,15.0,107,28,30,0,0,0.0,178.6,0.0,156.8,0.0,158.015873015873,0.0,0.0,166.74285714285713,0.0,155.02439024390245,176.0,128.0,0.0,0.0
21,10,9,198.0,199.0,13,1,8,8.0,103,14,14,0,0,0.0,156.6,0.0,172.0,0.0,160.33333333333334,0.0,0.0,167.875,0.0,156.57894736842104,188.0,157.0,0.0,0.0
22,6,4,187.0,188.0,7,1,3,4.0,241,10,21,0,0,0.0,190.2,0.0,184.0,0.0,163.1578947368421,0.0,0.0,169.46153846153845,0.0,184.0,131.0,162.0,0.0,0.0
24,14,13,176.0,179.0,17,1,15,6.0,128,19,26,0,0,0.0,178.2,0.0,158.0,0.0,169.73529411764707,0.0,0.0,167.0,0.0,158.0,207.0,167.0,0.0,0.0
23,8,3,142.0,128.0,6,1,8,14.0,147,39,24,0,0,0.0,178.0,0.0,156.6,0.0,167.19230769230768,0.0,0.0,170.8372093023256,0.0,154.38095238095238,212.0,189.0,0.0,0.0
25,10,4,188.0,162.0,7,1,5,26.0,83,30,28,0,0,0.0,159.4,0.0,178.5,0.0,168.9,0.0,0.0,168.3658536585366,0.0,178.5,138.0,135.0,0.0,0.0
26,6,14,131.0,49.0,19,1,4,82.0,165,10,21,0,0,0.0,167.4,0.0,116.2,0.0,163.1578947368421,0.0,0.0,168.5,0.0,149.94285714285715,155.0,96.0,0.0,0.0
27,12,9,160.0,157.0,13,1,15,3.0,35,39,24,0,0,0.0,163.75,0.0,167.4,0.0,167.19230769230768,0.0,0.0,163.75,0.0,156.5897435897436,182.0,153.0,0.0,0.0
28,13,0,0.0,0.0,0,2,7,0.0,0,0,0,0,0,0.0,165.0,0.0,0.0,0.0,0.0,0.0,0.0,165.51111111111112,0.0,0.0,134.0,0.0,0.0,0.0
29,12,7,182.0,184.0,11,1,4,7.0,198,19,26,0,0,0.0,167.4,0.0,173.6,0.0,169.73529411764707,0.0,0.0,167.4,0.0,159.58139534883722,157.0,161.0,0.0,0.0
30,13,4,134.0,135.0,7,1,3,7.0,22,17,3,0,0,0.0,159.25,0.0,169.8,0.0,173.04109589041096,0.0,0.0,164.82608695652175,0.0,169.8,162.0,192.0,0.0,0.0
31,2,7,160.0,161.0,11,1,4,7.0,71,10,21,0,0,0.0,179.0,0.0,173.8,0.0,163.1578947368421,0.0,0.0,169.609756097561,0.0,159.61363636363637,67.0,161.0,0.0,0.0
32,14,11,207.0,181.0,9,1,13,26.0,190,26,22,0,0,0.0,178.2,0.0,157.2,0.0,169.57142857142858,0.0,0.0,168.0810810810811,0.0,159.6216216216216,209.0,68.0,0.0,0.0
33,12,14,157.0,96.0,19,1,15,61.0,125,19,26,0,0,0.0,166.2,0.0,117.0,0.0,169.73529411764707,0.0,0.0,165.66666666666666,0.0,148.44444444444446,148.0,119.0,0.0,0.0
34,3,9,153.0,153.0,7,0,17,0.0,117,30,28,0,0,0.0,161.75,0.0,166.2,0.0,168.9,0.0,0.0,161.75,0.0,156.5,161.0,165.0,0.0,0.0
35,2,11,67.0,68.0,9,1,5,10.0,210,26,22,0,0,0.0,157.6,0.0,138.0,0.0,169.57142857142858,0.0,0.0,167.16666666666666,0.0,157.21052631578948,168.0,153.0,0.0,0.0
36,14,7,209.0,161.0,11,1,13,48.0,56,28,30,0,0,0.0,188.4,0.0,169.2,0.0,158.015873015873,0.0,0.0,169.1578947368421,0.0,159.64444444444445,185.0,159.0,0.0,0.0
37,13,9,162.0,165.0,19,0,8,5.0,199,39,24,0,0,0.0,162.75,0.0,170.2,0.0,167.19230769230768,0.0,0.0,164.7659574468085,0.0,156.70731707317074,158.0,223.0,0.0,0.0
38,3,13,161.0,167.0,17,1,15,5.0,35,19,26,0,0,0.0,161.6,0.0,160.25,0.0,169.73529411764707,0.0,0.0,161.6,0.0,160.25,208.0,158.0,0.0,0.0
39,14,3,185.0,189.0,6,1,2,6.0,150,11,10,0,0,0.0,193.6,0.0,166.6,0.0,164.56338028169014,0.0,0.0,169.56410256410257,0.0,155.1860465116279,128.0,214.0,0.0,0.0
40,6,13,155.0,158.0,17,1,15,4.0,187,10,21,0,0,0.0,164.6,0.0,159.8,0.0,163.1578947368421,0.0,0.0,168.17073170731706,0.0,159.8,107.0,161.0,0.0,0.0
41,3,3,208.0,214.0,6,1,2,7.0,196,11,10,0,0,0.0,166.6,0.0,169.8,0.0,164.56338028169014,0.0,0.0,169.33333333333334,0.0,156.52272727272728,195.0,66.0,0.0,0.0
42,10,14,138.0,119.0,19,1,5,19.0,210,17,3,0,0,0.0,169.4,0.0,114.0,0.0,173.04109589041096,0.0,0.0,167.64285714285714,0.0,147.64864864864865,189.0,179.0,0.0,0.0
43,12,15,148.0,136.0,20,1,15,12.0,97,28,30,0,0,0.0,161.6,0.0,165.2,0.0,158.015873015873,0.0,0.0,163.14285714285714,0.0,151.75,162.0,140.0,0.0,0.0
44,8,3,212.0,66.0,6,1,8,146.0,123,11,10,0,0,0.0,178.4,0.0,154.6,0.0,164.56338028169014,0.0,0.0,171.77272727272728,0.0,154.51111111111112,138.0,197.0,0.0,0.0
45,13,7,158.0,159.0,11,1,4,6.0,239,17,3,0,0,0.0,166.75,0.0,166.8,0.0,173.04109589041096,0.0,0.0,164.625,0.0,159.6304347826087,161.0,153.0,0.0,0.0
46,10,4,189.0,192.0,7,1,3,6.0,66,26,22,0,0,0.0,176.6,0.0,173.8,0.0,169.57142857142858,0.0,0.0,168.13953488372093,0.0,173.5,167.0,162.0,0.0,0.0
47,8,15,138.0,140.0,13,0,13,7.0,220,28,30,0,0,0.0,172.4,0.0,155.0,0.0,158.015873015873,0.0,0.0,171.0222222222222,0.0,151.51020408163265,173.0,158.0,0.0,0.0
48,10,7,167.0,153.0,11,1,5,14.0,152,26,22,0,0,0.0,176.0,0.0,163.6,0.0,169.57142857142858,0.0,0.0,168.11363636363637,0.0,159.48936170212767,230.0,164.0,0.0,0.0
49,3,3,195.0,197.0,6,1,2,2.0,227,12,18,0,0,0.0,178.6,0.0,158.8,0.0,161.25,0.0,0.0,173.0,0.0,155.43478260869566,154.0,151.0,0.0,0.0
50,10,9,230.0,223.0,13,1,5,7.0,260,39,24,0,0,0.0,182.4,0.0,179.4,0.0,167.19230769230768,0.0,0.0,169.48888888888888,0.0,158.28571428571428,73.0,142.0,0.0,0.0
51,2,13,168.0,161.0,6,0,2,7.0,110,11,10,0,0,0.0,150.2,0.0,154.6,0.0,164.56338028169014,0.0,0.0,167.1860465116279,0.0,160.0,98.0,78.0,0.0,0.0
52,3,15,154.0,158.0,20,1,13,8.0,151,12,18,0,0,0.0,174.2,0.0,145.8,0.0,161.25,0.0,0.0,170.625,0.0,151.64,135.0,182.0,0.0,0.0
53,8,7,173.0,164.0,11,1,8,9.0,17,10,21,0,0,0.0,169.8,0.0,159.6,0.0,163.1578947368421,0.0,0.0,171.06521739130434,0.0,159.58333333333334,129.0,48.0,0.0,0.0
54,10,13,73.0,78.0,17,1,15,9.0,97,19,26,0,0,0.0,159.4,0.0,148.6,0.0,169.73529411764707,0.0,0.0,167.3913043478261,0.0,148.28571428571428,161.0,128.0,0.0,0.0
55,13,3,161.0,151.0,19,0,11,10.0,82,11,10,0,0,0.0,153.75,0.0,163.4,0.0,164.56338028169014,0.0,0.0,164.55102040816325,0.0,155.3404255319149,227.0,113.0,0.0,0.0
56,12,9,162.0,142.0,13,1,15,20.0,259,39,24,0,0,0.0,161.8,0.0,168.0,0.0,167.19230769230768,0.0,0.0,163.0,0.0,157.90697674418604,163.0,111.0,0.0,0.0
57,14,7,128.0,48.0,11,1,4,7.0,165,17,3,0,0,0.0,181.0,0.0,137.0,0.0,173.04109589041096,0.0,0.0,168.525,0.0,157.30612244897958,142.0,99.0,0.0,0.0
58,6,9,107.0,111.0,13,1,8,6.0,108,17,3,0,0,0.0,150.4,0.0,158.8,0.0,173.04109589041096,0.0,0.0,166.71428571428572,0.0,156.8409090909091,187.0,188.0,0.0,0.0
59,8,13,129.0,128.0,13,0,8,1.0,117,28,30,0,0,0.0,158.8,0.0,138.4,0.0,158.015873015873,0.0,0.0,170.17021276595744,0.0,145.75,121.0,126.0,0.0,0.0
885,8,13,121.0,126.0,13,0,16,9.0,13,39,24,0,0,0.0,154.6,0.0,130.2,0.0,167.19230769230768,0.0,0.0,169.14583333333334,0.0,143.55555555555554,143.0,172.0,0.0,0.0
886,2,7,98.0,99.0,11,1,4,9.0,20,10,21,0,0,0.0,132.2,0.0,124.6,0.0,163.1578947368421,0.0,0.0,165.61363636363637,0.0,156.14,164.0,146.0,0.0,0.0
887,10,4,161.0,162.0,7,1,3,5.0,6,26,22,0,0,0.0,164.0,0.0,167.8,0.0,169.57142857142858,0.0,0.0,167.25531914893617,0.0,171.85714285714286,111.0,164.0,0.0,0.0
888,13,15,227.0,182.0,20,1,11,45.0,5,17,3,0,0,0.0,168.4,0.0,154.2,0.0,173.04109589041096,0.0,0.0,165.8,0.0,152.23529411764707,191.0,145.0,0.0,0.0
889,6,9,187.0,188.0,13,1,8,6.0,199,10,21,0,0,0.0,153.4,0.0,165.8,0.0,163.1578947368421,0.0,0.0,167.1860465116279,0.0,157.53333333333333,174.0,171.0,0.0,0.0
890,12,4,163.0,164.0,18,0,3,7.0,6,30,28,0,0,0.0,162.4,0.0,163.0,0.0,168.9,0.0,0.0,163.0,0.0,170.875,152.0,147.0,0.0,0.0
891,10,3,111.0,113.0,6,1,2,8.0,18,11,10,0,0,0.0,148.4,0.0,148.2,0.0,164.56338028169014,0.0,0.0,166.08333333333334,0.0,154.45833333333334,138.0,192.0,0.0,0.0
892,14,7,142.0,146.0,20,0,4,8.0,71,28,30,0,0,0.0,174.2,0.0,122.0,0.0,158.015873015873,0.0,0.0,167.8780487804878,0.0,155.94117647058823,118.0,141.0,0.0,0.0
893,8,4,143.0,147.0,7,1,3,3.0,6,39,24,0,0,0.0,140.8,0.0,160.0,0.0,167.19230769230768,0.0,0.0,168.6122448979592,0.0,168.22222222222223,142.0,182.0,0.0,0.0
894,12,11,152.0,153.0,18,0,5,6.0,131,26,22,0,0,0.0,156.4,0.0,138.6,0.0,169.57142857142858,0.0,0.0,161.9,0.0,157.10256410256412,160.0,164.0,0.0,0.0
895,13,3,191.0,192.0,6,1,2,7.0,181,17,3,0,0,0.0,179.8,0.0,143.8,0.0,173.04109589041096,0.0,0.0,166.2941176470588,0.0,155.22448979591837,170.0,171.0,0.0,0.0
896,8,15,142.0,145.0,20,1,13,7.0,56,28,30,0,0,0.0,141.6,0.0,152.2,0.0,158.015873015873,0.0,0.0,168.08,0.0,152.09615384615384,189.0,137.0,0.0,0.0
897,10,7,138.0,141.0,11,1,4,6.0,198,26,22,0,0,0.0,142.6,0.0,119.6,0.0,169.57142857142858,0.0,0.0,165.51020408163265,0.0,155.65384615384616,143.0,162.0,0.0,0.0
898,13,9,170.0,171.0,13,1,8,6.0,199,39,24,0,0,0.0,181.4,0.0,167.0,0.0,167.19230769230768,0.0,0.0,166.3653846153846,0.0,157.82608695652175,185.0,154.0,0.0,0.0
899,3,15,135.0,137.0,20,1,13,10.0,37,30,28,0,0,0.0,170.6,0.0,152.4,0.0,168.9,0.0,0.0,166.66666666666666,0.0,151.81132075471697,172.0,146.0,0.0,0.0
900,13,13,185.0,172.0,18,1,11,13.0,5,19,26,0,0,0.0,186.8,0.0,133.0,0.0,169.73529411764707,0.0,0.0,166.71698113207546,0.0,146.4,180.0,94.0,0.0,0.0
901,2,9,164.0,154.0,13,1,2,10.0,211,11,10,0,0,0.0,131.4,0.0,153.2,0.0,164.56338028169014,0.0,0.0,165.57777777777778,0.0,157.74468085106383,186.0,178.0,0.0,0.0
902,10,15,143.0,146.0,20,1,13,5.0,162,28,30,0,0,0.0,125.2,0.0,153.6,0.0,158.015873015873,0.0,0.0,165.06,0.0,151.7037037037037,154.0,129.0,0.0,0.0
903,13,4,180.0,182.0,19,0,3,6.0,256,30,28,0,0,0.0,190.6,0.0,169.4,0.0,168.9,0.0,0.0,166.96296296296296,0.0,169.6,185.0,196.0,0.0,0.0
904,12,7,160.0,162.0,11,1,4,2.0,242,19,26,0,0,0.0,157.0,0.0,119.2,0.0,169.73529411764707,0.0,0.0,161.72727272727272,0.0,155.77358490566039,195.0,159.0,0.0,0.0
905,8,11,189.0,164.0,9,1,8,25.0,169,26,22,0,0,0.0,144.8,0.0,144.0,0.0,169.57142857142858,0.0,0.0,168.49019607843138,0.0,157.275,124.0,157.0,0.0,0.0
906,14,13,118.0,94.0,18,1,16,34.0,29,28,30,0,0,0.0,156.4,0.0,119.6,0.0,158.015873015873,0.0,0.0,166.6904761904762,0.0,141.63636363636363,194.0,166.0,0.0,0.0
907,3,3,172.0,171.0,6,1,3,1.0,48,11,10,0,0,0.0,172.8,0.0,164.8,0.0,164.56338028169014,0.0,0.0,167.2,0.0,155.54,149.0,150.0,0.0,0.0
908,6,9,174.0,178.0,13,1,8,6.0,199,39,24,0,0,0.0,150.8,0.0,160.4,0.0,167.19230769230768,0.0,0.0,167.3409090909091,0.0,158.16666666666666,164.0,161.0,0.0,0.0
909,12,4,195.0,196.0,7,1,3,3.0,66,19,26,0,0,0.0,166.4,0.0,170.2,0.0,169.73529411764707,0.0,0.0,164.5,0.0,172.0,159.0,131.0,0.0,0.0
910,2,7,186.0,159.0,11,1,2,27.0,43,11,10,0,0,0.0,136.6,0.0,141.4,0.0,164.56338028169014,0.0,0.0,166.02173913043478,0.0,155.83333333333334,162.0,189.0,0.0,0.0
911,14,14,194.0,179.0,19,1,13,15.0,56,28,30,0,0,0.0,153.4,0.0,115.4,0.0,158.015873015873,0.0,0.0,167.32558139534885,0.0,148.47368421052633,177.0,195.0,0.0,0.0
912,10,4,154.0,131.0,7,1,5,23.0,31,30,28,0,0,0.0,141.4,0.0,164.0,0.0,168.9,0.0,0.0,164.84313725490196,0.0,168.58333333333334,181.0,164.0,0.0,0.0
913,12,9,159.0,161.0,13,1,8,8.0,199,19,26,0,0,0.0,165.8,0.0,170.4,0.0,169.73529411764707,0.0,0.0,164.07692307692307,0.0,158.22448979591837,191.0,92.0,0.0,0.0
914,13,7,185.0,189.0,11,1,4,5.0,20,17,3,0,0,0.0,182.2,0.0,159.4,0.0,173.04109589041096,0.0,0.0,167.29090909090908,0.0,156.43636363636364,175.0,66.0,0.0,0.0
915,3,3,149.0,150.0,6,1,2,8.0,196,30,28,0,0,0.0,161.0,0.0,155.4,0.0,168.9,0.0,0.0,165.54545454545453,0.0,155.4313725490196,126.0,172.0,0.0,0.0
916,6,11,164.0,157.0,9,1,4,7.0,20,10,21,0,0,0.0,157.4,0.0,144.6,0.0,163.1578947368421,0.0,0.0,167.26666666666668,0.0,157.26829268292684,158.0,174.0,0.0,0.0
917,2,13,162.0,166.0,18,1,16,7.0,13,11,10,0,0,0.0,155.6,0.0,137.2,0.0,164.56338028169014,0.0,0.0,165.93617021276594,0.0,143.66666666666666,121.0,133.0,0.0,0.0
918,3,15,126.0,129.0,20,1,13,5.0,37,28,30,0,0,0.0,147.2,0.0,147.8,0.0,158.015873015873,0.0,0.0,162.25,0.0,151.29090909090908,158.0,180.0,0.0,0.0
919,12,14,191.0,195.0,19,1,11,7.0,256,17,3,0,0,0.0,171.4,0.0,127.6,0.0,173.04109589041096,0.0,0.0,166.0,0.0,149.66666666666666,0.0,186.0,0.0,0.0
920,10,3,181.0,172.0,6,1,5,9.0,138,26,22,0,0,0.0,145.4,0.0,159.6,0.0,169.57142857142858,0.0,0.0,165.15384615384616,0.0,155.75,179.0,150.0,0.0,0.0
921,14,9,177.0,92.0,13,1,13,85.0,28,8,31,0,0,0.0,151.8,0.0,151.2,0.0,158.0,0.0,0.0,167.54545454545453,0.0,156.9,137.0,153.0,0.0,0.0
922,6,4,158.0,164.0,7,1,3,5.0,177,10,21,0,0,0.0,158.0,0.0,164.0,0.0,163.1578947368421,0.0,0.0,167.06521739130434,0.0,168.23076923076923,183.0,104.0,0.0,0.0
923,13,11,175.0,174.0,9,1,11,1.0,216,26,22,0,0,0.0,179.0,0.0,143.2,0.0,169.57142857142858,0.0,0.0,167.42857142857142,0.0,157.66666666666666,151.0,127.0,0.0,0.0
924,14,13,137.0,133.0,20,0,13,4.0,11,8,31,0,0,0.0,153.6,0.0,138.2,0.0,158.0,0.0,0.0,166.86666666666667,0.0,142.84615384615384,146.0,76.0,0.0,0.0
925,13,9,151.0,153.0,13,1,8,6.0,117,17,3,0,0,0.0,175.2,0.0,147.6,0.0,173.04109589041096,0.0,0.0,167.140350877193,0.0,156.8235294117647,248.0,159.0,0.0,0.0
926,14,3,146.0,150.0,6,1,2,7.0,48,28,30,0,0,0.0,154.4,0.0,167.0,0.0,158.015873015873,0.0,0.0,166.41304347826087,0.0,155.64150943396226,158.0,126.0,0.0,0.0
927,8,11,124.0,127.0,13,0,5,7.0,138,8,31,0,0,0.0,143.8,0.0,155.0,0.0,158.0,0.0,0.0,167.6346153846154,0.0,156.95348837209303,206.0,120.0,0.0,0.0
928,13,4,248.0,104.0,7,1,11,144.0,5,17,3,0,0,0.0,187.8,0.0,155.4,0.0,173.04109589041096,0.0,0.0,168.5344827586207,0.0,163.64285714285714,0.0,125.0,0.0,0.0
929,10,15,179.0,180.0,9,0,13,7.0,83,26,22,0,0,0.0,159.0,0.0,147.4,0.0,169.57142857142858,0.0,0.0,165.41509433962264,0.0,151.80357142857142,172.0,149.0,0.0,0.0
930,8,3,206.0,126.0,6,1,8,80.0,117,8,31,0,0,0.0,160.8,0.0,153.8,0.0,158.0,0.0,0.0,168.35849056603774,0.0,155.09259259259258,172.0,161.0,0.0,0.0
931,6,14,183.0,186.0,19,1,11,9.0,256,10,21,0,0,0.0,173.2,0.0,155.0,0.0,163.1578947368421,0.0,0.0,167.40425531914894,0.0,150.575,124.0,139.0,0.0,0.0
932,2,13,121.0,76.0,18,1,16,19.0,29,8,31,0,0,0.0,146.2,0.0,128.2,0.0,158.0,0.0,0.0,165.0,0.0,138.07142857142858,138.0,173.0,0.0,0.0
933,13,11,0.0,120.0,9,1,11,82.0,256,17,3,0,0,0.0,189.75,0.0,148.4,0.0,173.04109589041096,0.0,0.0,168.5344827586207,0.0,156.11363636363637,166.0,136.0,0.0,0.0
934,6,4,124.0,125.0,7,1,3,6.0,66,12,18,0,0,0.0,160.6,0.0,144.0,0.0,161.25,0.0,0.0,166.5,0.0,161.06666666666666,171.0,173.0,0.0,0.0
935,14,3,158.0,161.0,6,1,2,6.0,110,32,27,0,0,0.0,162.4,0.0,151.8,0.0,146.33333333333334,0.0,0.0,166.2340425531915,0.0,155.2,162.0,149.0,0.0,0.0
936,10,13,172.0,173.0,9,0,16,4.0,128,8,31,0,0,0.0,165.8,0.0,128.4,0.0,158.0,0.0,0.0,165.53703703703704,0.0,140.4,177.0,,0.0,
937,8,4,172.0,173.0,7,1,3,6.0,241,12,18,0,0,0.0,166.6,0.0,139.4,0.0,161.25,0.0,0.0,168.42592592592592,0.0,161.8125,168.0,,0.0,
938,6,15,171.0,149.0,20,1,4,22.0,262,10,21,0,0,0.0,160.0,0.0,148.2,0.0,163.1578947368421,0.0,0.0,166.59183673469389,0.0,151.75438596491227,177.0,163.0,0.0,0.0
939,2,14,138.0,139.0,19,1,11,6.0,256,32,27,0,0,0.0,154.2,0.0,163.6,0.0,146.33333333333334,0.0,0.0,164.44897959183675,0.0,150.29268292682926,184.0,159.0,0.0,0.0
940,3,14,158.0,159.0,19,1,11,4.0,5,17,3,0,0,0.0,148.0,0.0,171.6,0.0,173.04109589041096,0.0,0.0,161.92307692307693,0.0,150.5,162.0,200.0,0.0,0.0
941,14,7,162.0,140.0,11,1,13,22.0,155,11,10,0,0,0.0,156.0,0.0,143.2,0.0,164.56338028169014,0.0,0.0,166.14583333333334,0.0,154.56140350877192,208.0,170.0,0.0,0.0
942,14,14,208.0,200.0,20,0,13,8.0,33,17,3,0,0,0.0,162.2,0.0,175.8,0.0,173.04109589041096,0.0,0.0,167.0,0.0,151.65116279069767,127.0,179.0,0.0,0.0
825,8,7,168.0,170.0,11,1,4,7.0,156,10,21,0,0,0.0,171.8,0.0,144.8,0.0,163.1578947368421,0.0,0.0,168.4181818181818,0.0,154.82758620689654,164.0,159.0,0.0,0.0
826,0,3,150.0,149.0,6,1,14,1.0,28,18,8,0,0,0.0,176.6,0.0,151.6,0.0,162.26865671641792,0.0,0.0,169.8108108108108,0.0,155.08928571428572,209.0,169.0,0.0,0.0
827,11,11,162.0,136.0,9,1,12,26.0,92,19,26,0,0,0.0,155.6,0.0,142.8,0.0,169.73529411764707,0.0,0.0,168.02702702702703,0.0,155.66666666666666,191.0,191.0,0.0,0.0
828,0,15,209.0,164.0,3,0,14,45.0,40,18,8,0,0,0.0,184.6,0.0,157.0,0.0,162.26865671641792,0.0,0.0,170.8421052631579,0.0,152.15254237288136,156.0,172.0,0.0,0.0
829,6,14,177.0,179.0,19,1,11,3.0,45,10,21,0,0,0.0,162.6,0.0,172.6,0.0,163.1578947368421,0.0,0.0,166.8,0.0,152.27272727272728,0.0,191.0,0.0,0.0
830,2,12,184.0,186.0,16,1,12,3.0,58,11,10,0,0,0.0,158.2,0.0,164.8,0.0,164.56338028169014,0.0,0.0,164.84,0.0,156.73684210526315,167.0,165.0,0.0,0.0
831,10,9,177.0,159.0,13,1,5,18.0,72,39,24,0,0,0.0,172.6,0.0,148.6,0.0,167.19230769230768,0.0,0.0,165.74545454545455,0.0,156.8653846153846,165.0,153.0,0.0,0.0
832,13,15,166.0,172.0,20,1,13,8.0,56,17,3,0,0,0.0,185.0,0.0,165.6,0.0,173.04109589041096,0.0,0.0,168.4915254237288,0.0,152.48333333333332,0.0,163.0,0.0,0.0
833,8,12,164.0,165.0,13,0,12,7.0,238,29,23,0,0,0.0,166.8,0.0,168.6,0.0,163.16666666666666,0.0,0.0,168.33928571428572,0.0,156.94871794871796,183.0,131.0,0.0,0.0
835,10,3,165.0,169.0,9,0,2,5.0,142,19,26,0,0,0.0,174.8,0.0,151.0,0.0,169.73529411764707,0.0,0.0,165.73214285714286,0.0,155.33333333333334,155.0,119.0,0.0,0.0
836,14,12,127.0,131.0,16,1,12,6.0,13,8,31,0,0,0.0,160.2,0.0,159.4,0.0,158.0,0.0,0.0,166.2,0.0,156.3,176.0,157.0,0.0,0.0
837,8,1,183.0,189.0,13,0,14,6.0,28,39,24,0,0,0.0,178.6,0.0,159.4,0.0,167.19230769230768,0.0,0.0,168.59649122807016,0.0,155.95238095238096,209.0,170.0,0.0,0.0
838,2,15,167.0,163.0,6,0,2,4.0,98,8,31,0,0,0.0,154.4,0.0,162.2,0.0,158.0,0.0,0.0,164.88235294117646,0.0,152.65573770491804,146.0,137.0,0.0,0.0
839,10,7,155.0,159.0,11,1,4,4.0,20,19,26,0,0,0.0,169.6,0.0,144.8,0.0,169.73529411764707,0.0,0.0,165.5438596491228,0.0,154.89830508474577,118.0,147.0,0.0,0.0
840,0,12,156.0,157.0,3,0,12,8.0,13,29,23,0,0,0.0,173.6,0.0,156.6,0.0,163.16666666666666,0.0,0.0,170.46153846153845,0.0,156.3170731707317,181.0,0.0,0.0,0.0
841,8,14,209.0,191.0,19,1,8,18.0,77,17,3,0,0,0.0,179.2,0.0,173.6,0.0,173.04109589041096,0.0,0.0,169.29310344827587,0.0,153.13333333333333,157.0,154.0,0.0,0.0
842,2,7,146.0,147.0,11,1,4,6.0,250,11,10,0,0,0.0,151.2,0.0,136.4,0.0,164.56338028169014,0.0,0.0,164.51923076923077,0.0,154.76666666666668,190.0,101.0,0.0,0.0
843,11,11,191.0,191.0,9,1,17,0.0,218,29,23,0,0,0.0,163.4,0.0,149.6,0.0,163.16666666666666,0.0,0.0,168.6315789473684,0.0,156.43478260869566,130.0,95.0,0.0,0.0
844,14,7,176.0,101.0,11,1,13,16.0,56,8,31,0,0,0.0,166.2,0.0,143.4,0.0,158.0,0.0,0.0,166.3921568627451,0.0,153.88524590163934,150.0,132.0,0.0,0.0
845,0,14,181.0,154.0,19,1,14,27.0,241,17,3,0,0,0.0,174.4,0.0,176.6,0.0,173.04109589041096,0.0,0.0,170.725,0.0,153.15217391304347,192.0,134.0,0.0,0.0
846,2,9,190.0,153.0,13,1,2,37.0,227,11,10,0,0,0.0,165.0,0.0,143.6,0.0,164.56338028169014,0.0,0.0,165.0,0.0,156.79245283018867,95.0,153.0,0.0,0.0
847,11,14,130.0,134.0,19,1,11,9.0,148,29,23,0,0,0.0,157.8,0.0,171.6,0.0,163.16666666666666,0.0,0.0,167.64102564102564,0.0,152.74468085106383,189.0,99.0,0.0,0.0
848,8,15,157.0,137.0,13,0,8,20.0,121,39,24,0,0,0.0,176.2,0.0,159.8,0.0,167.19230769230768,0.0,0.0,169.08474576271186,0.0,152.40322580645162,187.0,132.0,0.0,0.0
849,0,11,192.0,95.0,3,0,14,97.0,40,18,8,0,0,0.0,177.6,0.0,133.8,0.0,162.26865671641792,0.0,0.0,171.2439024390244,0.0,155.12765957446808,134.0,130.0,0.0,0.0
850,6,0,0.0,0.0,0,2,7,0.0,0,0,0,0,0,0.0,163.75,0.0,0.0,0.0,0.0,0.0,0.0,166.8,0.0,0.0,0.0,0.0,0.0,0.0
851,2,14,95.0,99.0,19,1,11,10.0,252,11,10,0,0,0.0,156.4,0.0,151.4,0.0,164.56338028169014,0.0,0.0,163.7037037037037,0.0,151.625,152.0,115.0,0.0,0.0
852,14,11,150.0,130.0,9,1,13,20.0,248,27,22,0,0,0.0,164.6,0.0,134.4,0.0,164.97058823529412,0.0,0.0,166.07692307692307,0.0,154.60416666666666,192.0,149.0,0.0,0.0
855,0,7,134.0,132.0,11,1,14,2.0,65,18,8,0,0,0.0,174.4,0.0,141.8,0.0,162.26865671641792,0.0,0.0,170.35714285714286,0.0,153.53225806451613,165.0,169.0,0.0,0.0
854,13,12,0.0,0.0,2,2,9,0.0,4,25,0,0,0,0.0,188.33333333333334,0.0,159.75,0.0,0.0,0.0,0.0,168.4915254237288,0.0,156.3170731707317,226.0,179.0,0.0,0.0
834,0,7,165.0,169.0,11,1,4,7.0,20,10,21,0,0,0.0,165.6,0.0,141.6,0.0,163.1578947368421,0.0,0.0,170.2325581395349,0.0,153.77777777777777,148.0,184.0,0.0,0.0
856,10,3,118.0,119.0,6,1,2,9.0,165,11,10,0,0,0.0,157.4,0.0,144.8,0.0,164.56338028169014,0.0,0.0,164.72413793103448,0.0,154.70689655172413,183.0,175.0,0.0,0.0
857,8,12,187.0,179.0,16,1,8,8.0,17,39,24,0,0,0.0,180.0,0.0,158.0,0.0,167.19230769230768,0.0,0.0,169.38333333333333,0.0,156.85714285714286,172.0,194.0,0.0,0.0
858,6,14,0.0,115.0,19,1,11,7.0,132,17,3,0,0,0.0,157.33333333333334,0.0,138.6,0.0,173.04109589041096,0.0,0.0,166.8,0.0,150.87755102040816,167.0,124.0,0.0,0.0
859,14,1,192.0,170.0,3,1,13,22.0,56,28,30,0,0,0.0,170.6,0.0,167.8,0.0,158.015873015873,0.0,0.0,166.56603773584905,0.0,156.27906976744185,201.0,134.0,0.0,0.0
860,8,11,172.0,149.0,13,0,8,23.0,123,27,22,0,0,0.0,181.6,0.0,140.2,0.0,164.97058823529412,0.0,0.0,169.4262295081967,0.0,154.48979591836735,171.0,88.0,0.0,0.0
861,11,3,189.0,175.0,6,1,12,14.0,13,4,24,0,0,0.0,167.2,0.0,154.6,0.0,178.5185185185185,0.0,0.0,168.175,0.0,155.05084745762713,199.0,158.0,0.0,0.0
862,0,14,148.0,124.0,3,0,14,24.0,241,18,8,0,0,0.0,164.0,0.0,125.2,0.0,162.26865671641792,0.0,0.0,169.72727272727272,0.0,150.34,158.0,84.0,0.0,0.0
863,6,15,167.0,132.0,20,1,4,35.0,250,10,21,0,0,0.0,171.66666666666666,0.0,153.6,0.0,163.1578947368421,0.0,0.0,166.80392156862746,0.0,152.0793650793651,171.0,121.0,0.0,0.0
864,2,9,152.0,153.0,6,0,8,5.0,77,39,24,0,0,0.0,150.0,0.0,142.0,0.0,167.19230769230768,0.0,0.0,163.4909090909091,0.0,156.72222222222223,187.0,159.0,0.0,0.0
865,13,11,226.0,88.0,9,1,11,138.0,45,17,3,0,0,0.0,213.33333333333334,0.0,130.6,0.0,173.04109589041096,0.0,0.0,169.45,0.0,153.16,235.0,180.0,0.0,0.0
866,14,12,201.0,194.0,16,1,13,7.0,67,4,24,0,0,0.0,169.2,0.0,165.25,0.0,178.5185185185185,0.0,0.0,167.2037037037037,0.0,157.72093023255815,163.0,145.0,0.0,0.0
853,6,3,171.0,158.0,11,0,4,13.0,174,10,21,0,0,0.0,171.66666666666666,0.0,154.0,0.0,163.1578947368421,0.0,0.0,166.8846153846154,0.0,155.1,163.0,157.0,0.0,0.0
867,0,9,158.0,159.0,3,0,8,6.0,78,18,8,0,0,0.0,159.4,0.0,155.4,0.0,162.26865671641792,0.0,0.0,169.46666666666667,0.0,156.76363636363635,157.0,196.0,0.0,0.0
868,10,7,183.0,184.0,9,0,4,1.0,20,10,21,0,0,0.0,159.6,0.0,146.6,0.0,163.1578947368421,0.0,0.0,165.03389830508473,0.0,154.25,0.0,166.0,0.0,0.0
869,14,3,163.0,157.0,20,0,13,6.0,155,32,27,0,0,0.0,176.4,0.0,155.6,0.0,146.33333333333334,0.0,0.0,167.12727272727273,0.0,155.13114754098362,185.0,120.0,0.0,0.0
870,13,9,235.0,196.0,19,0,11,39.0,5,39,24,0,0,0.0,209.0,0.0,164.0,0.0,167.19230769230768,0.0,0.0,170.52459016393442,0.0,157.46428571428572,180.0,114.0,0.0,0.0
871,0,12,157.0,145.0,3,0,14,12.0,193,18,8,0,0,0.0,152.4,0.0,168.75,0.0,162.26865671641792,0.0,0.0,169.19565217391303,0.0,157.4318181818182,119.0,109.0,0.0,0.0
872,14,11,185.0,180.0,20,0,13,5.0,56,28,30,0,0,0.0,178.2,0.0,128.4,0.0,158.015873015873,0.0,0.0,167.44642857142858,0.0,153.68627450980392,0.0,206.0,0.0,0.0
873,0,3,119.0,120.0,3,0,2,6.0,265,32,27,0,0,0.0,149.4,0.0,145.8,0.0,146.33333333333334,0.0,0.0,168.12765957446808,0.0,154.56451612903226,205.0,167.0,0.0,0.0
874,10,14,0.0,84.0,19,1,5,22.0,31,27,22,0,0,0.0,155.25,0.0,111.2,0.0,164.97058823529412,0.0,0.0,165.03389830508473,0.0,149.0392156862745,130.0,83.0,0.0,0.0
875,8,7,171.0,166.0,11,1,8,5.0,78,39,24,0,0,0.0,179.2,0.0,150.4,0.0,167.19230769230768,0.0,0.0,169.4516129032258,0.0,154.43076923076924,187.0,190.0,0.0,0.0
876,14,14,0.0,83.0,20,0,11,6.0,256,28,30,0,0,0.0,185.25,0.0,101.0,0.0,158.015873015873,0.0,0.0,167.44642857142858,0.0,147.76923076923077,113.0,2.0,0.0,0.0
877,10,1,130.0,134.0,9,0,14,7.0,173,27,22,0,0,0.0,146.5,0.0,162.8,0.0,164.97058823529412,0.0,0.0,164.45,0.0,155.77272727272728,193.0,162.0,0.0,0.0
878,11,7,199.0,190.0,16,0,12,9.0,216,4,24,0,0,0.0,174.2,0.0,168.2,0.0,178.5185185185185,0.0,0.0,168.9268292682927,0.0,154.96969696969697,191.0,109.0,0.0,0.0
879,2,14,187.0,2.0,19,1,9,0.0,1,17,3,0,0,0.0,154.0,0.0,81.6,0.0,173.04109589041096,0.0,0.0,163.91071428571428,0.0,145.0188679245283,145.0,146.0,0.0,0.0
880,14,9,113.0,114.0,20,0,8,9.0,147,28,30,0,0,0.0,165.5,0.0,155.0,0.0,158.015873015873,0.0,0.0,166.49122807017545,0.0,156.7017543859649,133.0,122.0,0.0,0.0
881,8,1,187.0,162.0,13,0,8,25.0,116,39,24,0,0,0.0,174.8,0.0,167.2,0.0,167.19230769230768,0.0,0.0,169.73015873015873,0.0,155.9111111111111,202.0,140.0,0.0,0.0
882,13,12,180.0,109.0,19,0,11,71.0,5,19,26,0,0,0.0,201.75,0.0,156.75,0.0,169.73529411764707,0.0,0.0,170.67741935483872,0.0,156.35555555555555,139.0,135.0,0.0,0.0
883,13,1,139.0,140.0,3,1,14,3.0,28,15,29,0,0,0.0,195.0,0.0,159.0,0.0,149.16666666666666,0.0,0.0,170.17460317460316,0.0,155.56521739130434,70.0,161.0,0.0,0.0
884,8,1,202.0,161.0,3,1,8,41.0,199,10,21,0,0,0.0,183.8,0.0,153.4,0.0,163.1578947368421,0.0,0.0,170.234375,0.0,155.68085106382978,115.0,142.0,0.0,0.0
765,6,9,163.0,122.0,11,0,4,41.0,91,34,1,0,0,0.0,167.0,0.0,148.8,0.0,150.22222222222223,0.0,0.0,166.81132075471697,0.0,156.10344827586206,166.0,157.0,0.0,0.0
766,2,14,145.0,146.0,19,1,11,8.0,264,33,0,0,0,0.0,153.8,0.0,87.8,0.0,159.03571428571428,0.0,0.0,163.57894736842104,0.0,145.03703703703704,152.0,116.0,0.0,0.0
767,0,11,205.0,206.0,3,0,5,6.0,73,34,1,0,0,0.0,157.4,0.0,150.6,0.0,150.22222222222223,0.0,0.0,168.89583333333334,0.0,154.69230769230768,177.0,193.0,0.0,0.0
768,14,12,133.0,135.0,16,1,12,4.0,13,34,1,0,0,0.0,148.5,0.0,152.4,0.0,150.22222222222223,0.0,0.0,165.91379310344828,0.0,155.8913043478261,184.0,133.0,0.0,0.0
769,8,14,115.0,116.0,19,1,11,7.0,169,9,0,0,0,0.0,169.4,0.0,86.2,0.0,163.7608695652174,0.0,0.0,169.3846153846154,0.0,144.5090909090909,141.0,148.0,0.0,0.0
770,6,3,166.0,167.0,11,0,2,4.0,98,9,0,0,0,0.0,166.75,0.0,155.4,0.0,163.7608695652174,0.0,0.0,166.7962962962963,0.0,154.76190476190476,150.0,84.0,0.0,0.0
771,11,11,191.0,193.0,9,1,5,7.0,73,33,0,0,0,0.0,180.0,0.0,163.2,0.0,159.03571428571428,0.0,0.0,169.45238095238096,0.0,155.41509433962264,152.0,127.0,0.0,0.0
772,0,3,177.0,84.0,3,0,14,93.0,241,34,1,0,0,0.0,163.2,0.0,137.2,0.0,150.22222222222223,0.0,0.0,169.0612244897959,0.0,153.65625,140.0,180.0,0.0,0.0
773,10,15,193.0,121.0,20,1,5,72.0,73,33,0,0,0,0.0,156.0,0.0,145.0,0.0,159.03571428571428,0.0,0.0,164.91803278688525,0.0,151.59375,132.0,44.0,0.0,0.0
774,0,12,140.0,133.0,16,1,14,7.0,193,9,0,0,0,0.0,159.6,0.0,143.2,0.0,163.7608695652174,0.0,0.0,168.48,0.0,155.40425531914894,0.0,71.0,0.0,0.0
775,6,14,150.0,148.0,19,1,4,2.0,47,33,0,0,0,0.0,163.4,0.0,99.0,0.0,159.03571428571428,0.0,0.0,166.4909090909091,0.0,144.57142857142858,195.0,158.0,0.0,0.0
776,14,3,184.0,180.0,20,0,13,4.0,6,9,0,0,0,0.0,153.75,0.0,141.6,0.0,163.7608695652174,0.0,0.0,166.22033898305085,0.0,154.06153846153848,145.0,126.0,0.0,0.0
777,8,1,141.0,142.0,13,0,14,7.0,152,9,0,0,0,0.0,163.2,0.0,147.8,0.0,163.7608695652174,0.0,0.0,168.95454545454547,0.0,155.39583333333334,125.0,146.0,0.0,0.0
778,13,12,70.0,71.0,16,1,12,6.0,178,34,1,0,0,0.0,170.0,0.0,118.6,0.0,150.22222222222223,0.0,0.0,168.609375,0.0,153.64583333333334,124.0,156.0,0.0,0.0
779,10,7,132.0,109.0,11,1,5,23.0,210,34,1,0,0,0.0,159.5,0.0,163.6,0.0,150.22222222222223,0.0,0.0,164.38709677419354,0.0,154.28358208955223,168.0,152.0,0.0,0.0
780,8,3,125.0,126.0,13,0,2,6.0,161,33,0,0,0,0.0,154.0,0.0,135.4,0.0,159.03571428571428,0.0,0.0,168.29850746268656,0.0,153.63636363636363,187.0,170.0,0.0,0.0
781,14,1,145.0,146.0,20,0,14,5.0,66,33,0,0,0,0.0,143.75,0.0,150.2,0.0,159.03571428571428,0.0,0.0,165.86666666666667,0.0,155.20408163265307,172.0,181.0,0.0,0.0
782,13,11,124.0,127.0,9,1,5,5.0,210,9,0,0,0,0.0,149.6,0.0,158.8,0.0,163.7608695652174,0.0,0.0,167.92307692307693,0.0,154.88888888888889,190.0,211.0,0.0,0.0
783,11,7,152.0,152.0,16,0,17,0.0,92,34,1,0,0,0.0,172.2,0.0,160.2,0.0,150.22222222222223,0.0,0.0,169.04651162790697,0.0,154.25,170.0,114.0,0.0,0.0
784,14,9,172.0,157.0,13,1,13,15.0,37,9,0,0,0,0.0,149.4,0.0,149.6,0.0,163.7608695652174,0.0,0.0,165.9672131147541,0.0,156.11864406779662,155.0,170.0,0.0,0.0
785,0,7,0.0,114.0,3,0,14,34.0,193,15,29,0,0,0.0,160.25,0.0,146.2,0.0,149.16666666666666,0.0,0.0,168.48,0.0,153.66666666666666,138.0,160.0,0.0,0.0
786,10,9,168.0,170.0,9,0,8,5.0,49,39,24,0,0,0.0,155.75,0.0,151.8,0.0,167.19230769230768,0.0,0.0,164.44444444444446,0.0,156.35,231.0,160.0,0.0,0.0
787,2,12,152.0,156.0,16,1,12,7.0,110,11,10,0,0,0.0,146.2,0.0,120.8,0.0,164.56338028169014,0.0,0.0,163.3793103448276,0.0,153.69387755102042,178.0,102.0,0.0,0.0
788,14,14,155.0,158.0,19,1,11,4.0,5,17,3,0,0,0.0,157.8,0.0,114.0,0.0,173.04109589041096,0.0,0.0,165.79032258064515,0.0,144.80701754385964,134.0,168.0,0.0,0.0
789,11,7,170.0,160.0,11,1,12,10.0,178,29,23,0,0,0.0,180.2,0.0,145.0,0.0,163.16666666666666,0.0,0.0,169.0681818181818,0.0,153.75714285714287,148.0,161.0,0.0,0.0
790,2,1,178.0,181.0,3,1,14,8.0,66,11,10,0,0,0.0,162.8,0.0,154.0,0.0,164.56338028169014,0.0,0.0,163.6271186440678,0.0,155.72,160.0,187.0,0.0,0.0
791,8,14,187.0,168.0,19,1,8,19.0,199,39,24,0,0,0.0,154.0,0.0,147.2,0.0,167.19230769230768,0.0,0.0,168.5735294117647,0.0,145.20689655172413,157.0,166.0,0.0,0.0
792,2,7,160.0,161.0,6,0,4,8.0,71,11,10,0,0,0.0,164.4,0.0,139.2,0.0,164.56338028169014,0.0,0.0,163.56666666666666,0.0,153.85915492957747,143.0,150.0,0.0,0.0
793,10,1,231.0,187.0,3,1,5,44.0,73,3,9,0,0,0.0,170.8,0.0,163.4,0.0,167.71428571428572,0.0,0.0,165.484375,0.0,156.33333333333334,198.0,160.0,0.0,0.0
794,14,12,134.0,102.0,16,1,13,32.0,37,29,23,0,0,0.0,158.0,0.0,119.4,0.0,163.16666666666666,0.0,0.0,165.28571428571428,0.0,152.66,157.0,191.0,0.0,0.0
795,10,14,198.0,166.0,19,1,5,32.0,210,17,3,0,0,0.0,184.4,0.0,151.2,0.0,173.04109589041096,0.0,0.0,165.98461538461538,0.0,145.5593220338983,149.0,142.0,0.0,0.0
796,2,15,143.0,44.0,20,1,13,8.0,50,11,10,0,0,0.0,155.6,0.0,119.4,0.0,164.56338028169014,0.0,0.0,163.2295081967213,0.0,149.93846153846152,164.0,161.0,0.0,0.0
797,8,1,157.0,160.0,3,1,14,4.0,66,39,24,0,0,0.0,145.0,0.0,163.2,0.0,167.19230769230768,0.0,0.0,168.40579710144928,0.0,156.40384615384616,141.0,149.0,0.0,0.0
798,10,7,149.0,150.0,11,1,4,9.0,71,3,9,0,0,0.0,175.6,0.0,147.4,0.0,167.71428571428572,0.0,0.0,165.72727272727272,0.0,153.80555555555554,156.0,142.0,0.0,0.0
799,13,12,190.0,191.0,19,0,12,5.0,92,17,3,0,0,0.0,140.6,0.0,130.6,0.0,173.04109589041096,0.0,0.0,168.25757575757575,0.0,153.41176470588235,186.0,153.0,0.0,0.0
800,14,9,157.0,160.0,20,0,8,7.0,17,28,30,0,0,0.0,152.6,0.0,144.6,0.0,158.015873015873,0.0,0.0,165.15625,0.0,156.40983606557376,205.0,159.0,0.0,0.0
801,11,1,148.0,149.0,16,0,14,5.0,193,15,29,0,0,0.0,172.0,0.0,164.6,0.0,149.16666666666666,0.0,0.0,168.6,0.0,156.26415094339623,201.0,160.0,0.0,0.0
802,13,3,186.0,170.0,6,1,11,16.0,263,17,3,0,0,0.0,141.8,0.0,145.4,0.0,173.04109589041096,0.0,0.0,168.52238805970148,0.0,153.88059701492537,160.0,139.0,0.0,0.0
803,14,11,205.0,211.0,9,1,5,6.0,260,28,30,0,0,0.0,164.6,0.0,183.4,0.0,158.015873015873,0.0,0.0,165.76923076923077,0.0,155.9090909090909,142.0,165.0,0.0,0.0
804,8,7,141.0,142.0,11,1,4,6.0,198,3,9,0,0,0.0,150.2,0.0,145.4,0.0,167.71428571428572,0.0,0.0,168.0142857142857,0.0,153.64383561643837,178.0,146.0,0.0,0.0
805,11,3,201.0,139.0,6,1,12,62.0,13,29,23,0,0,0.0,172.4,0.0,139.8,0.0,163.16666666666666,0.0,0.0,169.30434782608697,0.0,153.66176470588235,189.0,158.0,0.0,0.0
806,0,14,138.0,142.0,3,0,11,5.0,5,15,29,0,0,0.0,165.0,0.0,156.4,0.0,149.16666666666666,0.0,0.0,167.88235294117646,0.0,145.5,154.0,165.0,0.0,0.0
807,14,7,142.0,146.0,20,0,4,7.0,250,28,30,0,0,0.0,158.6,0.0,151.8,0.0,158.015873015873,0.0,0.0,165.4090909090909,0.0,153.54054054054055,160.0,156.0,0.0,0.0
808,8,12,178.0,153.0,13,0,8,25.0,143,29,23,0,0,0.0,157.6,0.0,134.6,0.0,163.16666666666666,0.0,0.0,168.1549295774648,0.0,153.40384615384616,173.0,163.0,0.0,0.0
809,2,11,164.0,165.0,9,1,5,4.0,31,11,10,0,0,0.0,159.4,0.0,180.4,0.0,164.56338028169014,0.0,0.0,163.24193548387098,0.0,156.07142857142858,115.0,119.0,0.0,0.0
810,13,15,160.0,161.0,19,0,13,7.0,56,28,30,0,0,0.0,146.0,0.0,119.0,0.0,158.015873015873,0.0,0.0,168.39705882352942,0.0,150.1060606060606,154.0,189.0,0.0,0.0
811,0,7,154.0,156.0,11,1,4,8.0,198,10,21,0,0,0.0,152.25,0.0,151.0,0.0,163.1578947368421,0.0,0.0,167.6153846153846,0.0,153.57333333333332,185.0,161.0,0.0,0.0
812,10,9,156.0,159.0,13,1,8,7.0,123,27,22,0,0,0.0,180.4,0.0,153.6,0.0,164.97058823529412,0.0,0.0,165.5820895522388,0.0,156.4516129032258,179.0,195.0,0.0,0.0
813,6,14,195.0,165.0,19,1,4,30.0,198,10,21,0,0,0.0,169.0,0.0,159.8,0.0,163.1578947368421,0.0,0.0,167.0,0.0,145.81967213114754,163.0,162.0,0.0,0.0
814,0,15,185.0,189.0,20,1,13,6.0,56,15,29,0,0,0.0,154.25,0.0,129.4,0.0,149.16666666666666,0.0,0.0,167.9433962264151,0.0,150.6865671641791,169.0,130.0,0.0,0.0
815,8,3,173.0,158.0,6,1,8,15.0,143,39,24,0,0,0.0,167.2,0.0,154.6,0.0,167.19230769230768,0.0,0.0,168.22222222222223,0.0,153.7246376811594,173.0,160.0,0.0,0.0
816,10,12,179.0,163.0,16,1,5,16.0,218,27,22,0,0,0.0,182.6,0.0,153.0,0.0,164.97058823529412,0.0,0.0,165.77941176470588,0.0,153.58490566037736,226.0,126.0,0.0,0.0
817,13,1,154.0,160.0,3,1,14,8.0,128,17,3,0,0,0.0,162.8,0.0,167.4,0.0,173.04109589041096,0.0,0.0,168.18840579710144,0.0,156.33333333333334,156.0,176.0,0.0,0.0
818,14,7,160.0,161.0,11,1,4,4.0,262,10,21,0,0,0.0,159.6,0.0,151.0,0.0,163.1578947368421,0.0,0.0,165.32835820895522,0.0,153.67105263157896,126.0,200.0,0.0,0.0
819,2,11,115.0,119.0,9,1,5,7.0,131,27,22,0,0,0.0,152.0,0.0,163.0,0.0,164.97058823529412,0.0,0.0,162.47619047619048,0.0,155.42105263157896,128.0,135.0,0.0,0.0
820,11,9,189.0,195.0,13,1,8,5.0,49,39,24,0,0,0.0,172.0,0.0,168.2,0.0,167.19230769230768,0.0,0.0,169.72340425531914,0.0,157.06349206349208,165.0,154.0,0.0,0.0
821,6,11,163.0,135.0,9,1,4,28.0,250,10,21,0,0,0.0,167.4,0.0,151.4,0.0,163.1578947368421,0.0,0.0,166.9298245614035,0.0,155.06896551724137,154.0,100.0,0.0,0.0
822,8,1,173.0,176.0,3,1,14,7.0,241,4,24,0,0,0.0,164.4,0.0,166.4,0.0,178.5185185185185,0.0,0.0,168.2876712328767,0.0,156.6909090909091,148.0,202.0,0.0,0.0
823,10,1,226.0,202.0,3,1,5,24.0,257,39,24,0,0,0.0,181.6,0.0,169.4,0.0,167.19230769230768,0.0,0.0,166.65217391304347,0.0,157.5,199.0,139.0,0.0,0.0
824,10,7,199.0,200.0,11,1,4,3.0,133,17,3,0,0,0.0,181.8,0.0,161.0,0.0,173.04109589041096,0.0,0.0,167.11428571428573,0.0,154.27272727272728,138.0,129.0,0.0,0.0
690,2,7,128.0,129.0,11,1,4,6.0,239,10,21,0,0,0.0,142.0,0.0,158.4,0.0,163.1578947368421,0.0,0.0,161.9375,0.0,153.94871794871796,114.0,125.0,0.0,0.0
691,13,9,156.0,154.0,13,1,11,2.0,45,17,3,0,0,0.0,169.2,0.0,167.6,0.0,173.04109589041096,0.0,0.0,168.0142857142857,0.0,157.015625,130.0,92.0,0.0,0.0
692,14,10,126.0,104.0,14,1,13,22.0,18,28,30,0,0,0.0,158.0,0.0,104.0,0.0,158.015873015873,0.0,0.0,164.75,0.0,104.0,161.0,148.0,0.0,0.0
693,11,3,165.0,160.0,16,0,12,5.0,184,11,10,0,0,0.0,174.6,0.0,150.6,0.0,164.56338028169014,0.0,0.0,169.625,0.0,153.81428571428572,144.0,165.0,0.0,0.0
694,8,1,148.0,139.0,13,0,8,9.0,116,18,8,0,0,0.0,162.6,0.0,165.2,0.0,162.26865671641792,0.0,0.0,168.01351351351352,0.0,157.17543859649123,209.0,139.0,0.0,0.0
695,9,11,99.0,100.0,14,0,5,8.0,131,36,26,0,0,0.0,99.0,0.0,146.0,0.0,147.64705882352942,0.0,0.0,99.0,0.0,154.135593220339,159.0,186.0,0.0,0.0
696,13,15,130.0,130.0,19,0,17,0.0,76,28,30,0,0,0.0,157.2,0.0,129.0,0.0,158.015873015873,0.0,0.0,167.4788732394366,0.0,150.38235294117646,165.0,115.0,0.0,0.0
697,11,7,144.0,125.0,11,1,12,19.0,230,31,15,0,0,0.0,169.4,0.0,154.2,0.0,157.7826086956522,0.0,0.0,169.10204081632654,0.0,153.58227848101265,145.0,153.0,0.0,0.0
740,14,14,161.0,162.0,20,0,11,7.0,256,17,3,0,0,0.0,158.8,0.0,160.6,0.0,173.04109589041096,0.0,0.0,164.69565217391303,0.0,146.08064516129033,119.0,158.0,0.0,0.0
698,8,3,209.0,165.0,13,0,8,44.0,62,39,24,0,0,0.0,176.2,0.0,158.4,0.0,167.19230769230768,0.0,0.0,168.56,0.0,153.9718309859155,183.0,83.0,0.0,0.0
699,10,1,138.0,139.0,3,1,14,10.0,143,27,22,0,0,0.0,179.6,0.0,163.2,0.0,164.97058823529412,0.0,0.0,166.70422535211267,0.0,156.86206896551724,124.0,166.0,0.0,0.0
700,6,14,154.0,158.0,19,1,11,8.0,45,17,3,0,0,0.0,165.6,0.0,158.6,0.0,173.04109589041096,0.0,0.0,166.70689655172413,0.0,146.26984126984127,180.0,152.0,0.0,0.0
701,11,10,145.0,148.0,16,0,19,7.0,6,36,26,0,0,0.0,168.8,0.0,126.0,0.0,147.64705882352942,0.0,0.0,168.62,0.0,126.0,179.0,142.0,0.0,0.0
702,2,15,114.0,115.0,6,0,13,3.0,18,11,10,0,0,0.0,132.8,0.0,127.8,0.0,164.56338028169014,0.0,0.0,161.2,0.0,149.8695652173913,152.0,132.0,0.0,0.0
703,8,10,183.0,142.0,13,0,8,41.0,199,39,24,0,0,0.0,177.2,0.0,131.33333333333334,0.0,167.19230769230768,0.0,0.0,168.75,0.0,131.33333333333334,161.0,108.0,0.0,0.0
704,13,1,165.0,166.0,3,1,14,4.0,193,18,8,0,0,0.0,153.0,0.0,164.4,0.0,162.26865671641792,0.0,0.0,167.44444444444446,0.0,157.01694915254237,263.0,135.0,0.0,0.0
705,6,15,180.0,132.0,11,0,4,48.0,71,10,21,0,0,0.0,168.4,0.0,145.4,0.0,163.1578947368421,0.0,0.0,166.9322033898305,0.0,149.61428571428573,119.0,127.0,0.0,0.0
706,10,12,124.0,126.0,16,1,12,6.0,92,31,15,0,0,0.0,173.2,0.0,147.0,0.0,157.7826086956522,0.0,0.0,166.11111111111111,0.0,153.07407407407408,157.0,146.0,0.0,0.0
707,9,1,159.0,135.0,14,0,19,24.0,238,18,8,0,0,0.0,129.0,0.0,156.2,0.0,162.26865671641792,0.0,0.0,129.0,0.0,156.65,185.0,124.0,0.0,0.0
708,10,7,157.0,153.0,11,1,5,4.0,135,27,22,0,0,0.0,168.8,0.0,153.6,0.0,164.97058823529412,0.0,0.0,165.986301369863,0.0,153.575,123.0,150.0,0.0,0.0
709,2,14,152.0,152.0,19,1,17,0.0,256,17,3,0,0,0.0,134.6,0.0,155.8,0.0,173.04109589041096,0.0,0.0,161.06060606060606,0.0,146.359375,120.0,123.0,0.0,0.0
710,14,10,119.0,108.0,14,1,13,11.0,18,36,26,0,0,0.0,141.6,0.0,125.5,0.0,147.64705882352942,0.0,0.0,164.04285714285714,0.0,125.5,159.0,133.0,0.0,0.0
711,11,9,179.0,92.0,16,0,12,87.0,13,31,15,0,0,0.0,164.4,0.0,152.0,0.0,157.7826086956522,0.0,0.0,168.8235294117647,0.0,156.01538461538462,117.0,162.0,0.0,0.0
712,0,3,169.0,83.0,3,0,14,86.0,143,11,10,0,0,0.0,161.5,0.0,141.0,0.0,164.56338028169014,0.0,0.0,167.96296296296296,0.0,152.98611111111111,200.0,165.0,0.0,0.0
713,10,15,123.0,127.0,9,0,13,5.0,76,28,30,0,0,0.0,148.2,0.0,138.6,0.0,158.015873015873,0.0,0.0,165.40540540540542,0.0,149.29577464788733,149.0,130.0,0.0,0.0
714,6,1,119.0,124.0,11,0,14,4.0,193,10,21,0,0,0.0,162.2,0.0,140.6,0.0,163.1578947368421,0.0,0.0,166.13333333333333,0.0,156.11475409836066,159.0,186.0,0.0,0.0
715,11,14,117.0,123.0,19,1,11,7.0,255,17,3,0,0,0.0,150.0,0.0,152.0,0.0,173.04109589041096,0.0,0.0,167.82692307692307,0.0,146.0,185.0,136.0,0.0,0.0
716,8,3,161.0,165.0,13,0,2,9.0,257,11,10,0,0,0.0,174.8,0.0,146.2,0.0,164.56338028169014,0.0,0.0,168.64935064935065,0.0,153.15068493150685,194.0,137.0,0.0,0.0
717,9,11,185.0,186.0,9,1,5,7.0,55,27,22,0,0,0.0,147.66666666666666,0.0,141.0,0.0,164.97058823529412,0.0,0.0,147.66666666666666,0.0,154.66666666666666,178.0,121.0,0.0,0.0
718,11,1,185.0,186.0,16,0,14,5.0,143,18,8,0,0,0.0,154.0,0.0,150.0,0.0,162.26865671641792,0.0,0.0,168.1509433962264,0.0,156.59677419354838,132.0,160.0,0.0,0.0
719,13,10,263.0,133.0,14,1,11,130.0,45,17,3,0,0,0.0,173.6,0.0,127.0,0.0,173.04109589041096,0.0,0.0,168.75342465753425,0.0,127.0,171.0,149.0,0.0,0.0
751,2,11,120.0,121.0,9,1,5,5.0,79,11,10,0,0,0.0,125.8,0.0,132.2,0.0,164.56338028169014,0.0,0.0,160.44776119402985,0.0,154.11475409836066,164.0,170.0,0.0,0.0
721,6,9,159.0,162.0,11,0,8,5.0,66,10,21,0,0,0.0,155.0,0.0,152.4,0.0,163.1578947368421,0.0,0.0,166.01639344262296,0.0,156.1060606060606,136.0,116.0,0.0,0.0
722,14,1,159.0,160.0,20,0,14,5.0,128,18,8,0,0,0.0,145.0,0.0,154.2,0.0,162.26865671641792,0.0,0.0,163.9718309859155,0.0,156.65079365079364,144.0,79.0,0.0,0.0
723,10,7,149.0,150.0,9,0,4,6.0,91,10,21,0,0,0.0,138.2,0.0,151.4,0.0,163.1578947368421,0.0,0.0,165.18666666666667,0.0,153.53086419753086,145.0,186.0,0.0,0.0
724,14,12,144.0,146.0,20,0,12,8.0,92,31,15,0,0,0.0,141.8,0.0,155.8,0.0,157.7826086956522,0.0,0.0,163.69444444444446,0.0,152.94545454545454,150.0,173.0,0.0,0.0
725,8,14,194.0,136.0,13,0,8,58.0,66,39,24,0,0,0.0,179.0,0.0,146.2,0.0,167.19230769230768,0.0,0.0,168.97435897435898,0.0,145.84848484848484,174.0,123.0,0.0,0.0
726,0,7,200.0,186.0,11,1,14,14.0,143,18,8,0,0,0.0,169.2,0.0,148.6,0.0,162.26865671641792,0.0,0.0,168.54545454545453,0.0,153.9268292682927,164.0,133.0,0.0,0.0
727,2,10,164.0,149.0,14,1,2,15.0,56,32,27,0,0,0.0,135.6,0.0,136.0,0.0,146.33333333333334,0.0,0.0,160.5,0.0,130.66666666666666,80.0,127.0,0.0,0.0
728,13,12,171.0,173.0,16,1,12,4.0,211,31,15,0,0,0.0,177.0,0.0,152.2,0.0,157.7826086956522,0.0,0.0,168.78378378378378,0.0,153.30357142857142,187.0,182.0,0.0,0.0
729,8,11,174.0,170.0,13,0,8,4.0,199,39,24,0,0,0.0,184.2,0.0,142.4,0.0,167.19230769230768,0.0,0.0,169.0379746835443,0.0,154.3709677419355,129.0,171.0,0.0,0.0
730,0,10,164.0,127.0,3,0,14,37.0,128,36,26,0,0,0.0,174.4,0.0,131.8,0.0,147.64705882352942,0.0,0.0,168.46428571428572,0.0,130.14285714285714,186.0,170.0,0.0,0.0
731,8,15,129.0,130.0,13,0,13,7.0,89,28,30,0,0,0.0,168.2,0.0,126.8,0.0,158.015873015873,0.0,0.0,168.5375,0.0,149.02777777777777,139.0,81.0,0.0,0.0
732,6,3,136.0,137.0,11,0,2,7.0,56,32,27,0,0,0.0,149.6,0.0,142.0,0.0,146.33333333333334,0.0,0.0,165.53225806451613,0.0,152.93243243243242,152.0,179.0,0.0,0.0
733,0,11,186.0,171.0,3,0,14,15.0,241,18,8,0,0,0.0,180.8,0.0,149.6,0.0,162.26865671641792,0.0,0.0,168.7719298245614,0.0,154.63492063492063,223.0,194.0,0.0,0.0
734,13,10,187.0,170.0,19,0,11,17.0,5,36,26,0,0,0.0,183.2,0.0,137.4,0.0,147.64705882352942,0.0,0.0,169.02666666666667,0.0,135.125,190.0,106.0,0.0,0.0
735,11,7,132.0,133.0,16,0,4,8.0,262,10,21,0,0,0.0,151.6,0.0,149.4,0.0,163.1578947368421,0.0,0.0,167.4814814814815,0.0,153.67469879518072,165.0,105.0,0.0,0.0
736,2,15,80.0,81.0,6,0,13,6.0,53,28,30,0,0,0.0,126.0,0.0,117.0,0.0,158.015873015873,0.0,0.0,159.33333333333334,0.0,148.0958904109589,154.0,146.0,0.0,0.0
738,8,1,139.0,79.0,13,0,8,60.0,145,39,24,0,0,0.0,159.4,0.0,136.8,0.0,167.19230769230768,0.0,0.0,168.17283950617283,0.0,155.4375,170.0,82.0,0.0,0.0
739,9,12,178.0,182.0,14,0,12,5.0,13,31,15,0,0,0.0,155.25,0.0,158.0,0.0,157.7826086956522,0.0,0.0,155.25,0.0,153.80701754385964,112.0,155.0,0.0,0.0
756,13,11,190.0,194.0,9,1,5,6.0,55,27,22,0,0,0.0,195.2,0.0,168.4,0.0,164.97058823529412,0.0,0.0,169.30263157894737,0.0,155.25,183.0,120.0,0.0,0.0
741,2,12,154.0,155.0,6,0,12,9.0,13,31,15,0,0,0.0,134.0,0.0,156.4,0.0,157.7826086956522,0.0,0.0,159.25714285714287,0.0,153.82758620689654,207.0,147.0,0.0,0.0
742,8,7,170.0,105.0,13,0,8,65.0,206,39,24,0,0,0.0,161.2,0.0,145.4,0.0,167.19230769230768,0.0,0.0,168.1951219512195,0.0,153.0952380952381,166.0,116.0,0.0,0.0
743,0,15,223.0,146.0,20,1,14,77.0,241,28,30,0,0,0.0,188.4,0.0,123.2,0.0,158.015873015873,0.0,0.0,169.70689655172413,0.0,148.06756756756758,141.0,132.0,0.0,0.0
744,10,12,145.0,147.0,16,1,12,8.0,114,27,22,0,0,0.0,139.6,0.0,160.6,0.0,164.97058823529412,0.0,0.0,164.92105263157896,0.0,153.71186440677965,171.0,144.0,0.0,0.0
745,6,10,152.0,106.0,11,0,4,46.0,71,36,26,0,0,0.0,149.2,0.0,137.0,0.0,147.64705882352942,0.0,0.0,165.31746031746033,0.0,131.88888888888889,130.0,156.0,0.0,0.0
746,13,3,183.0,179.0,6,1,11,4.0,97,11,10,0,0,0.0,198.8,0.0,145.8,0.0,164.56338028169014,0.0,0.0,169.4805194805195,0.0,153.28,115.0,135.0,0.0,0.0
747,9,9,112.0,116.0,14,0,8,5.0,145,36,26,0,0,0.0,146.6,0.0,143.8,0.0,147.64705882352942,0.0,0.0,146.6,0.0,155.50746268656715,170.0,184.0,0.0,0.0
748,14,11,150.0,120.0,9,1,13,30.0,169,27,22,0,0,0.0,146.6,0.0,155.2,0.0,164.97058823529412,0.0,0.0,163.5068493150685,0.0,154.7076923076923,178.0,176.0,0.0,0.0
749,13,7,115.0,116.0,11,1,4,5.0,91,15,29,0,0,0.0,169.2,0.0,138.0,0.0,149.16666666666666,0.0,0.0,168.78205128205127,0.0,152.65882352941176,174.0,163.0,0.0,0.0
750,0,12,141.0,144.0,16,1,12,5.0,216,31,15,0,0,0.0,182.8,0.0,160.2,0.0,157.7826086956522,0.0,0.0,169.22033898305085,0.0,153.55,168.0,152.0,0.0,0.0
752,14,9,178.0,184.0,20,0,8,7.0,116,39,24,0,0,0.0,150.0,0.0,141.6,0.0,167.19230769230768,0.0,0.0,163.7027027027027,0.0,155.9264705882353,136.0,133.0,0.0,0.0
737,13,11,174.0,176.0,9,1,5,7.0,9,17,3,0,0,0.0,169.8,0.0,166.2,0.0,173.04109589041096,0.0,0.0,168.84810126582278,0.0,155.03030303030303,0.0,160.0,0.0,0.0
754,0,3,168.0,135.0,3,0,14,33.0,128,18,8,0,0,0.0,176.4,0.0,139.8,0.0,162.26865671641792,0.0,0.0,169.2,0.0,153.03947368421052,192.0,164.0,0.0,0.0
753,9,7,170.0,163.0,11,1,19,7.0,133,15,29,0,0,0.0,160.8,0.0,140.6,0.0,149.16666666666666,0.0,0.0,150.5,0.0,152.77906976744185,172.0,142.0,0.0,0.0
755,8,12,166.0,152.0,16,1,8,14.0,12,39,24,0,0,0.0,155.6,0.0,156.0,0.0,167.19230769230768,0.0,0.0,168.16867469879517,0.0,153.52459016393442,148.0,113.0,0.0,0.0
720,10,3,171.0,164.0,6,1,5,7.0,55,13,11,0,0,0.0,149.0,0.0,156.0,0.0,175.66666666666666,0.0,0.0,165.0,0.0,153.1818181818182,183.0,134.0,0.0,0.0
757,14,12,136.0,113.0,20,0,13,23.0,18,28,30,0,0,0.0,153.4,0.0,142.2,0.0,158.015873015873,0.0,0.0,163.33333333333334,0.0,152.8709677419355,132.0,135.0,0.0,0.0
758,10,9,183.0,133.0,13,1,5,50.0,32,13,11,0,0,0.0,154.2,0.0,137.4,0.0,175.66666666666666,0.0,0.0,165.23076923076923,0.0,155.59420289855072,134.0,144.0,0.0,0.0
760,13,1,0.0,82.0,3,1,11,24.0,256,17,3,0,0,0.0,165.5,0.0,126.2,0.0,173.04109589041096,0.0,0.0,168.84810126582278,0.0,154.30769230769232,157.0,125.0,0.0,0.0
759,9,3,172.0,134.0,14,0,19,38.0,126,36,26,0,0,0.0,163.4,0.0,149.8,0.0,147.64705882352942,0.0,0.0,153.57142857142858,0.0,152.93589743589743,129.0,100.0,0.0,0.0
761,6,15,130.0,132.0,11,0,13,5.0,169,28,30,0,0,0.0,139.2,0.0,123.2,0.0,158.015873015873,0.0,0.0,164.765625,0.0,147.85333333333332,0.0,,0.0,
762,0,9,192.0,144.0,3,0,14,48.0,143,11,10,0,0,0.0,182.0,0.0,147.8,0.0,164.56338028169014,0.0,0.0,169.5737704918033,0.0,155.42857142857142,112.0,169.0,0.0,0.0
763,11,9,165.0,169.0,16,0,8,4.0,77,10,21,0,0,0.0,155.6,0.0,149.2,0.0,163.1578947368421,0.0,0.0,167.43636363636364,0.0,155.61971830985917,191.0,115.0,0.0,0.0
764,8,1,148.0,125.0,13,0,8,23.0,116,10,21,0,0,0.0,150.4,0.0,126.4,0.0,163.1578947368421,0.0,0.0,167.92857142857142,0.0,153.86363636363637,197.0,208.0,0.0,0.0
614,0,9,112.0,115.0,13,1,8,8.0,194,18,8,0,0,0.0,167.2,0.0,149.0,0.0,162.26865671641792,0.0,0.0,168.6451612903226,0.0,155.05555555555554,193.0,101.0,0.0,0.0
615,6,3,0.0,100.0,6,1,2,8.0,87,10,21,0,0,0.0,144.25,0.0,142.4,0.0,163.1578947368421,0.0,0.0,164.765625,0.0,152.26582278481013,165.0,137.0,0.0,0.0
616,9,9,129.0,101.0,13,1,19,28.0,238,39,24,0,0,0.0,152.2,0.0,132.4,0.0,167.19230769230768,0.0,0.0,150.5,0.0,154.31506849315068,166.0,142.0,0.0,0.0
617,11,11,191.0,160.0,9,1,12,31.0,13,31,15,0,0,0.0,158.0,0.0,164.2,0.0,157.7826086956522,0.0,0.0,167.85714285714286,0.0,155.1044776119403,164.0,144.0,0.0,0.0
618,13,3,157.0,137.0,6,1,11,20.0,5,17,3,0,0,0.0,157.25,0.0,134.0,0.0,173.04109589041096,0.0,0.0,168.7,0.0,152.075,205.0,111.0,0.0,0.0
619,0,2,193.0,119.0,4,1,14,74.0,193,8,31,0,0,0.0,161.2,0.0,119.0,0.0,158.0,0.0,0.0,169.03174603174602,0.0,119.0,110.0,150.0,0.0,0.0
620,11,7,164.0,142.0,11,1,12,22.0,39,31,15,0,0,0.0,167.4,0.0,131.8,0.0,157.7826086956522,0.0,0.0,167.78947368421052,0.0,152.6551724137931,131.0,137.0,0.0,0.0
621,9,11,166.0,144.0,14,0,19,22.0,140,36,26,0,0,0.0,149.8,0.0,158.8,0.0,147.64705882352942,0.0,0.0,152.22222222222223,0.0,154.94117647058823,115.0,116.0,0.0,0.0
622,1,9,138.0,142.0,4,0,8,5.0,199,8,31,0,0,0.0,138.0,0.0,134.2,0.0,158.0,0.0,0.0,138.0,0.0,154.14864864864865,196.0,171.0,0.0,0.0
623,6,14,165.0,123.0,19,1,4,42.0,120,17,3,0,0,0.0,145.75,0.0,138.4,0.0,173.04109589041096,0.0,0.0,164.76923076923077,0.0,145.50746268656715,0.0,136.0,0.0,0.0
624,0,3,110.0,111.0,6,1,2,8.0,156,11,10,0,0,0.0,155.0,0.0,129.2,0.0,164.56338028169014,0.0,0.0,168.109375,0.0,151.5679012345679,155.0,93.0,0.0,0.0
625,8,12,197.0,170.0,16,1,8,27.0,116,39,24,0,0,0.0,164.0,0.0,142.8,0.0,167.19230769230768,0.0,0.0,168.27058823529413,0.0,152.859375,92.0,197.0,0.0,0.0
626,13,1,205.0,208.0,19,0,14,5.0,69,18,8,0,0,0.0,162.75,0.0,130.8,0.0,162.26865671641792,0.0,0.0,169.14814814814815,0.0,154.67164179104478,189.0,147.0,0.0,0.0
627,9,11,115.0,116.0,9,1,5,7.0,61,27,22,0,0,0.0,150.4,0.0,143.2,0.0,164.97058823529412,0.0,0.0,148.5,0.0,154.3768115942029,182.0,164.0,0.0,0.0
628,11,7,131.0,137.0,16,0,4,5.0,214,10,21,0,0,0.0,156.6,0.0,132.6,0.0,163.1578947368421,0.0,0.0,167.1551724137931,0.0,152.47727272727272,195.0,132.0,0.0,0.0
630,0,10,155.0,156.0,3,0,19,7.0,99,36,26,0,0,0.0,152.4,0.0,141.6,0.0,147.64705882352942,0.0,0.0,167.90769230769232,0.0,134.3,164.0,151.0,0.0,0.0
631,10,7,134.0,132.0,11,1,5,2.0,239,10,21,0,0,0.0,156.4,0.0,138.0,0.0,163.1578947368421,0.0,0.0,164.83544303797467,0.0,152.24719101123594,124.0,127.0,0.0,0.0
632,11,14,195.0,136.0,16,0,12,59.0,13,17,3,0,0,0.0,169.2,0.0,134.0,0.0,173.04109589041096,0.0,0.0,167.6271186440678,0.0,145.36764705882354,146.0,186.0,0.0,0.0
633,8,3,92.0,93.0,6,1,2,7.0,213,39,24,0,0,0.0,154.6,0.0,115.0,0.0,167.19230769230768,0.0,0.0,167.38372093023256,0.0,150.85365853658536,163.0,162.0,0.0,0.0
634,1,12,196.0,197.0,4,0,12,5.0,39,31,15,0,0,0.0,167.0,0.0,153.4,0.0,157.7826086956522,0.0,0.0,167.0,0.0,153.53846153846155,157.0,143.0,0.0,0.0
635,9,14,182.0,186.0,14,0,11,6.0,45,17,3,0,0,0.0,152.8,0.0,140.8,0.0,173.04109589041096,0.0,0.0,151.54545454545453,0.0,145.95652173913044,192.0,166.0,0.0,0.0
636,10,7,124.0,127.0,9,0,4,8.0,71,27,22,0,0,0.0,151.4,0.0,140.2,0.0,164.97058823529412,0.0,0.0,164.325,0.0,151.96666666666667,163.0,127.0,0.0,0.0
629,1,3,157.0,162.0,4,0,2,5.0,113,11,10,0,0,0.0,163.66666666666666,0.0,120.6,0.0,164.56338028169014,0.0,0.0,163.66666666666666,0.0,150.9879518072289,126.0,172.0,0.0,0.0
638,0,10,164.0,151.0,14,1,14,13.0,167,18,8,0,0,0.0,146.8,0.0,142.0,0.0,162.26865671641792,0.0,0.0,167.84848484848484,0.0,135.8181818181818,139.0,159.0,0.0,0.0
639,10,14,163.0,166.0,19,1,11,5.0,45,27,22,0,0,0.0,155.0,0.0,149.4,0.0,164.97058823529412,0.0,0.0,164.30864197530863,0.0,146.24285714285713,168.0,143.0,0.0,0.0
640,11,1,146.0,147.0,16,0,14,7.0,69,18,8,0,0,0.0,165.4,0.0,128.2,0.0,162.26865671641792,0.0,0.0,167.26666666666668,0.0,154.55882352941177,141.0,149.0,0.0,0.0
641,9,3,192.0,172.0,6,1,19,20.0,233,11,10,0,0,0.0,156.8,0.0,135.0,0.0,164.56338028169014,0.0,0.0,154.91666666666666,0.0,151.23809523809524,146.0,148.0,0.0,0.0
642,8,11,163.0,164.0,13,0,5,6.0,218,39,24,0,0,0.0,153.2,0.0,152.0,0.0,167.19230769230768,0.0,0.0,167.33333333333334,0.0,154.5142857142857,120.0,163.0,0.0,0.0
643,1,7,126.0,127.0,11,1,4,5.0,41,3,9,0,0,0.0,154.25,0.0,133.0,0.0,167.71428571428572,0.0,0.0,154.25,0.0,151.69230769230768,177.0,140.0,0.0,0.0
644,13,12,189.0,143.0,16,1,11,46.0,5,31,15,0,0,0.0,181.25,0.0,151.6,0.0,157.7826086956522,0.0,0.0,169.390243902439,0.0,153.37878787878788,0.0,151.0,0.0,0.0
645,9,3,146.0,148.0,14,0,2,8.0,257,36,26,0,0,0.0,160.2,0.0,137.2,0.0,147.64705882352942,0.0,0.0,154.23076923076923,0.0,151.2,125.0,144.0,0.0,0.0
646,6,0,0.0,0.0,0,2,7,0.0,0,0,0,0,0,0.0,149.0,0.0,0.0,0.0,0.0,0.0,0.0,164.76923076923077,0.0,0.0,190.0,0.0,0.0,0.0
647,10,9,168.0,171.0,9,0,8,4.0,17,27,22,0,0,0.0,154.4,0.0,139.6,0.0,164.97058823529412,0.0,0.0,164.35365853658536,0.0,154.37333333333333,156.0,170.0,0.0,0.0
648,13,0,0.0,0.0,0,2,9,0.0,0,0,0,0,0,0.0,183.66666666666666,0.0,0.0,0.0,0.0,0.0,0.0,169.390243902439,0.0,0.0,158.0,0.0,0.0,0.0
649,1,10,177.0,159.0,4,0,1,18.0,42,36,26,0,0,0.0,158.8,0.0,148.4,0.0,147.64705882352942,0.0,0.0,158.8,0.0,137.75,100.0,173.0,0.0,0.0
650,2,9,207.0,170.0,13,1,2,37.0,257,11,10,0,0,0.0,145.0,0.0,139.8,0.0,164.56338028169014,0.0,0.0,159.92957746478874,0.0,154.57894736842104,152.0,101.0,0.0,0.0
651,10,1,156.0,149.0,9,0,5,7.0,132,18,8,0,0,0.0,149.0,0.0,142.2,0.0,162.26865671641792,0.0,0.0,164.25301204819277,0.0,154.47826086956522,170.0,127.0,0.0,0.0
652,6,14,190.0,143.0,11,0,4,47.0,71,10,21,0,0,0.0,161.66666666666666,0.0,150.8,0.0,163.1578947368421,0.0,0.0,165.15151515151516,0.0,146.19718309859155,150.0,185.0,0.0,0.0
653,2,12,152.0,151.0,6,0,2,1.0,257,11,10,0,0,0.0,151.4,0.0,159.2,0.0,164.56338028169014,0.0,0.0,159.81944444444446,0.0,153.34328358208955,153.0,126.0,0.0,0.0
654,1,9,100.0,101.0,13,1,8,5.0,50,39,24,0,0,0.0,151.2,0.0,137.0,0.0,167.19230769230768,0.0,0.0,149.0,0.0,153.88311688311688,186.0,174.0,0.0,0.0
655,0,7,139.0,140.0,3,0,4,5.0,71,18,8,0,0,0.0,152.2,0.0,132.6,0.0,162.26865671641792,0.0,0.0,167.4179104477612,0.0,151.56521739130434,160.0,154.0,0.0,0.0
656,1,10,186.0,173.0,4,0,1,13.0,119,3,9,0,0,0.0,149.2,0.0,149.0,0.0,167.71428571428572,0.0,0.0,154.28571428571428,0.0,140.46153846153845,181.0,119.0,0.0,0.0
657,11,3,141.0,144.0,16,0,2,6.0,173,31,15,0,0,0.0,155.4,0.0,143.8,0.0,157.7826086956522,0.0,0.0,166.8360655737705,0.0,151.11627906976744,177.0,193.0,0.0,0.0
658,13,11,158.0,163.0,9,1,5,4.0,32,17,3,0,0,0.0,177.25,0.0,149.4,0.0,173.04109589041096,0.0,0.0,169.25301204819277,0.0,154.6338028169014,173.0,134.0,0.0,0.0
659,8,10,120.0,119.0,13,0,8,1.0,121,36,26,0,0,0.0,144.0,0.0,151.6,0.0,147.64705882352942,0.0,0.0,166.79545454545453,0.0,138.92857142857142,141.0,143.0,0.0,0.0
660,0,2,160.0,150.0,3,0,14,10.0,241,18,8,0,0,0.0,145.6,0.0,134.5,0.0,162.26865671641792,0.0,0.0,167.30882352941177,0.0,134.5,173.0,145.0,0.0,0.0
661,6,10,150.0,143.0,11,0,4,7.0,239,10,21,0,0,0.0,168.33333333333334,0.0,149.0,0.0,163.1578947368421,0.0,0.0,164.92537313432837,0.0,139.2,158.0,138.0,0.0,0.0
662,11,11,177.0,134.0,16,0,12,43.0,216,27,22,0,0,0.0,158.0,0.0,144.2,0.0,164.97058823529412,0.0,0.0,167.0,0.0,154.34722222222223,126.0,194.0,0.0,0.0
663,0,9,173.0,174.0,13,1,8,2.0,66,39,24,0,0,0.0,158.2,0.0,151.6,0.0,167.19230769230768,0.0,0.0,167.3913043478261,0.0,154.14102564102564,120.0,173.0,0.0,0.0
664,1,14,181.0,185.0,19,1,11,5.0,5,17,3,0,0,0.0,154.0,0.0,163.2,0.0,173.04109589041096,0.0,0.0,157.625,0.0,146.73611111111111,187.0,142.0,0.0,0.0
665,2,7,153.0,154.0,6,0,4,6.0,91,11,10,0,0,0.0,149.2,0.0,136.0,0.0,164.56338028169014,0.0,0.0,159.72602739726028,0.0,151.59139784946237,114.0,155.0,0.0,0.0
666,9,12,125.0,126.0,14,0,12,7.0,216,36,26,0,0,0.0,152.0,0.0,157.4,0.0,147.64705882352942,0.0,0.0,152.14285714285714,0.0,152.94117647058823,187.0,141.0,0.0,0.0
667,10,2,170.0,145.0,4,1,5,25.0,132,28,30,0,0,0.0,156.2,0.0,138.0,0.0,158.015873015873,0.0,0.0,164.32142857142858,0.0,138.0,136.0,128.0,0.0,0.0
668,8,14,141.0,142.0,19,1,11,9.0,45,39,24,0,0,0.0,142.6,0.0,164.4,0.0,167.19230769230768,0.0,0.0,166.5056179775281,0.0,146.67123287671234,182.0,123.0,0.0,0.0
637,1,3,187.0,193.0,4,0,2,9.0,56,28,30,0,0,0.0,166.2,0.0,163.8,0.0,158.015873015873,0.0,0.0,160.88888888888889,0.0,151.5977011494253,190.0,140.0,0.0,0.0
669,11,1,126.0,127.0,3,1,14,4.0,34,31,15,0,0,0.0,157.0,0.0,151.2,0.0,157.7826086956522,0.0,0.0,166.34920634920636,0.0,154.0857142857143,170.0,115.0,0.0,0.0
670,13,10,173.0,138.0,14,1,11,35.0,45,36,26,0,0,0.0,181.25,0.0,146.4,0.0,147.64705882352942,0.0,0.0,169.29761904761904,0.0,139.125,171.0,125.0,0.0,0.0
671,8,7,182.0,155.0,13,0,8,27.0,199,10,21,0,0,0.0,139.6,0.0,140.6,0.0,163.1578947368421,0.0,0.0,166.67777777777778,0.0,151.62765957446808,182.0,192.0,0.0,0.0
672,2,1,114.0,115.0,3,1,14,9.0,34,18,8,0,0,0.0,156.0,0.0,149.2,0.0,162.26865671641792,0.0,0.0,159.1081081081081,0.0,153.53521126760563,95.0,160.0,0.0,0.0
673,11,10,170.0,125.0,16,0,12,45.0,14,31,15,0,0,0.0,152.0,0.0,139.6,0.0,157.7826086956522,0.0,0.0,166.40625,0.0,138.2941176470588,126.0,102.0,0.0,0.0
674,1,11,190.0,194.0,4,0,5,4.0,54,27,22,0,0,0.0,168.8,0.0,154.2,0.0,164.97058823529412,0.0,0.0,163.8,0.0,154.8904109589041,132.0,123.0,0.0,0.0
675,13,9,171.0,173.0,13,1,8,5.0,17,17,3,0,0,0.0,172.75,0.0,157.8,0.0,173.04109589041096,0.0,0.0,169.31764705882352,0.0,154.37974683544303,215.0,108.0,0.0,0.0
676,6,1,158.0,160.0,3,1,14,5.0,143,10,21,0,0,0.0,165.75,0.0,139.6,0.0,163.1578947368421,0.0,0.0,164.8235294117647,0.0,153.625,140.0,156.0,0.0,0.0
677,10,3,136.0,140.0,9,0,2,5.0,250,11,10,0,0,0.0,158.6,0.0,159.4,0.0,164.56338028169014,0.0,0.0,163.98823529411766,0.0,151.4659090909091,141.0,194.0,0.0,0.0
678,6,9,140.0,108.0,13,1,4,32.0,239,39,24,0,0,0.0,159.5,0.0,145.2,0.0,167.19230769230768,0.0,0.0,164.46376811594203,0.0,153.8,136.0,163.0,0.0,0.0
679,0,11,120.0,123.0,9,1,5,6.0,9,13,11,0,0,0.0,151.2,0.0,155.6,0.0,175.66666666666666,0.0,0.0,166.71428571428572,0.0,154.45945945945945,187.0,193.0,0.0,0.0
680,13,3,215.0,194.0,6,1,11,21.0,45,11,10,0,0,0.0,179.25,0.0,163.8,0.0,164.56338028169014,0.0,0.0,169.84883720930233,0.0,151.9438202247191,140.0,145.0,0.0,0.0
681,11,2,126.0,128.0,16,0,1,5.0,50,28,30,0,0,0.0,148.0,0.0,135.5,0.0,158.015873015873,0.0,0.0,165.7846153846154,0.0,135.5,162.0,154.0,0.0,0.0
682,10,3,141.0,145.0,6,1,2,6.0,250,13,11,0,0,0.0,154.2,0.0,163.2,0.0,175.66666666666666,0.0,0.0,163.72093023255815,0.0,151.86666666666667,112.0,144.0,0.0,0.0
683,6,10,136.0,102.0,11,0,4,34.0,214,36,26,0,0,0.0,154.8,0.0,125.4,0.0,147.64705882352942,0.0,0.0,164.05714285714285,0.0,136.27777777777777,162.0,113.0,0.0,0.0
684,1,14,132.0,123.0,19,1,1,9.0,50,28,30,0,0,0.0,175.2,0.0,151.8,0.0,158.015873015873,0.0,0.0,160.9090909090909,0.0,146.35135135135135,137.0,162.0,0.0,0.0
685,11,9,162.0,163.0,16,0,8,10.0,66,31,15,0,0,0.0,152.2,0.0,143.8,0.0,157.7826086956522,0.0,0.0,165.72727272727272,0.0,153.91358024691357,159.0,149.0,0.0,0.0
686,6,3,162.0,144.0,11,0,4,18.0,262,36,26,0,0,0.0,149.2,0.0,163.2,0.0,147.64705882352942,0.0,0.0,164.0281690140845,0.0,151.78021978021977,163.0,136.0,0.0,0.0
687,0,9,187.0,149.0,13,1,14,38.0,128,17,3,0,0,0.0,155.8,0.0,153.4,0.0,173.04109589041096,0.0,0.0,167.0,0.0,153.85365853658536,222.0,99.0,0.0,0.0
688,0,3,222.0,136.0,6,1,14,86.0,161,18,8,0,0,0.0,172.4,0.0,151.8,0.0,162.26865671641792,0.0,0.0,167.76388888888889,0.0,151.6086956521739,190.0,190.0,0.0,0.0
689,0,7,190.0,192.0,3,0,4,5.0,136,18,8,0,0,0.0,178.4,0.0,153.6,0.0,162.26865671641792,0.0,0.0,168.06849315068493,0.0,152.05263157894737,153.0,151.0,0.0,0.0
542,0,7,153.0,151.0,3,0,14,2.0,237,18,8,0,0,0.0,174.4,0.0,158.4,0.0,162.26865671641792,0.0,0.0,167.86486486486487,0.0,152.04166666666666,188.0,160.0,0.0,0.0
543,1,12,137.0,141.0,16,1,12,8.0,230,28,30,0,0,0.0,165.4,0.0,151.6,0.0,158.015873015873,0.0,0.0,158.91666666666666,0.0,152.768115942029,175.0,152.0,0.0,0.0
544,5,14,161.0,162.0,10,0,11,6.0,5,21,20,0,0,0.0,161.0,0.0,151.0,0.0,150.75,0.0,0.0,161.0,0.0,146.56,148.0,142.0,0.0,0.0
545,2,9,95.0,99.0,6,0,8,8.0,121,11,10,0,0,0.0,144.2,0.0,138.4,0.0,164.56338028169014,0.0,0.0,158.25333333333333,0.0,153.19277108433735,151.0,143.0,0.0,0.0
546,10,10,112.0,113.0,9,0,19,7.0,228,7,24,0,0,0.0,143.0,0.0,124.2,0.0,159.64864864864865,0.0,0.0,163.1264367816092,0.0,135.05263157894737,195.0,151.0,0.0,0.0
547,6,2,163.0,154.0,11,0,4,9.0,91,10,21,0,0,0.0,151.8,0.0,139.2,0.0,163.1578947368421,0.0,0.0,164.01388888888889,0.0,139.2,171.0,135.0,0.0,0.0
548,2,12,151.0,152.0,6,0,12,6.0,215,31,15,0,0,0.0,133.0,0.0,142.6,0.0,157.7826086956522,0.0,0.0,158.1578947368421,0.0,152.75714285714287,231.0,147.0,0.0,0.0
549,13,9,140.0,143.0,13,1,8,9.0,206,17,3,0,0,0.0,171.4,0.0,132.4,0.0,173.04109589041096,0.0,0.0,169.50574712643677,0.0,153.07142857142858,0.0,124.0,0.0,0.0
550,0,11,188.0,193.0,9,1,5,6.0,172,27,22,0,0,0.0,188.0,0.0,161.4,0.0,164.97058823529412,0.0,0.0,168.13333333333333,0.0,154.97333333333333,183.0,166.0,0.0,0.0
551,5,10,148.0,151.0,10,0,19,4.0,153,7,24,0,0,0.0,154.5,0.0,125.8,0.0,159.64864864864865,0.0,0.0,154.5,0.0,135.85,132.0,117.0,0.0,0.0
552,1,14,175.0,142.0,19,1,1,33.0,50,28,30,0,0,0.0,164.2,0.0,150.8,0.0,158.015873015873,0.0,0.0,160.15384615384616,0.0,146.5,165.0,162.0,0.0,0.0
553,11,7,159.0,160.0,11,1,4,9.0,71,31,15,0,0,0.0,148.6,0.0,162.4,0.0,157.7826086956522,0.0,0.0,165.62686567164178,0.0,152.1237113402062,81.0,85.0,0.0,0.0
554,8,6,182.0,184.0,10,1,6,8.0,40,39,24,0,0,0.0,157.6,0.0,184.0,0.0,167.19230769230768,0.0,0.0,166.84615384615384,0.0,184.0,164.0,135.0,0.0,0.0
555,0,14,183.0,162.0,3,0,14,21.0,143,18,8,0,0,0.0,187.2,0.0,146.2,0.0,162.26865671641792,0.0,0.0,168.32894736842104,0.0,146.7012987012987,0.0,175.0,0.0,0.0
556,1,11,165.0,166.0,9,1,5,8.0,172,28,30,0,0,0.0,159.8,0.0,162.0,0.0,158.015873015873,0.0,0.0,160.5,0.0,155.1184210526316,168.0,202.0,0.0,0.0
557,9,3,187.0,190.0,6,1,2,3.0,263,7,24,0,0,0.0,166.4,0.0,161.8,0.0,159.64864864864865,0.0,0.0,154.46666666666667,0.0,152.0215053763441,118.0,152.0,0.0,0.0
558,11,7,81.0,85.0,11,1,4,8.0,120,10,21,0,0,0.0,139.6,0.0,148.6,0.0,163.1578947368421,0.0,0.0,164.38235294117646,0.0,151.4387755102041,147.0,126.0,0.0,0.0
559,0,6,0.0,135.0,10,1,6,7.0,40,21,20,0,0,0.0,178.5,0.0,159.5,0.0,150.75,0.0,0.0,168.32894736842104,0.0,159.5,142.0,74.0,0.0,0.0
560,1,3,168.0,152.0,4,0,1,16.0,240,11,10,0,0,0.0,155.4,0.0,153.4,0.0,164.56338028169014,0.0,0.0,161.0,0.0,152.0212765957447,129.0,131.0,0.0,0.0
561,13,0,0.0,0.0,0,2,7,0.0,0,0,0,0,0,0.0,174.75,0.0,0.0,0.0,0.0,0.0,0.0,169.50574712643677,0.0,0.0,181.0,0.0,0.0,0.0
562,9,9,118.0,124.0,14,0,8,7.0,159,39,24,0,0,0.0,153.6,0.0,135.6,0.0,167.19230769230768,0.0,0.0,152.1875,0.0,152.72941176470587,141.0,87.0,0.0,0.0
563,5,7,132.0,126.0,11,1,6,6.0,129,10,21,0,0,0.0,147.0,0.0,142.8,0.0,163.1578947368421,0.0,0.0,147.0,0.0,151.1818181818182,109.0,120.0,0.0,0.0
564,10,12,195.0,147.0,16,1,5,48.0,218,27,22,0,0,0.0,150.8,0.0,143.4,0.0,164.97058823529412,0.0,0.0,163.48863636363637,0.0,152.67605633802816,119.0,111.0,0.0,0.0
566,6,14,171.0,175.0,19,1,11,9.0,45,10,21,0,0,0.0,154.4,0.0,152.8,0.0,163.1578947368421,0.0,0.0,164.1095890410959,0.0,147.06410256410257,148.0,161.0,0.0,0.0
565,8,1,164.0,156.0,3,1,8,8.0,77,39,24,0,0,0.0,157.8,0.0,141.4,0.0,167.19230769230768,0.0,0.0,166.81521739130434,0.0,153.65753424657535,172.0,145.0,0.0,0.0
567,2,11,231.0,202.0,9,1,2,29.0,56,11,10,0,0,0.0,148.8,0.0,175.6,0.0,164.56338028169014,0.0,0.0,159.1038961038961,0.0,155.72727272727272,160.0,136.0,0.0,0.0
568,8,2,172.0,135.0,4,1,8,37.0,121,28,30,0,0,0.0,168.2,0.0,142.4,0.0,158.015873015873,0.0,0.0,166.8709677419355,0.0,138.5,94.0,146.0,0.0,0.0
569,5,12,109.0,111.0,16,1,12,8.0,215,31,15,0,0,0.0,137.5,0.0,135.4,0.0,157.7826086956522,0.0,0.0,137.5,0.0,152.09722222222223,156.0,95.0,0.0,0.0
570,0,10,142.0,117.0,14,1,14,25.0,143,18,8,0,0,0.0,166.5,0.0,121.6,0.0,162.26865671641792,0.0,0.0,167.98701298701297,0.0,134.95238095238096,165.0,155.0,0.0,0.0
571,2,14,160.0,161.0,19,1,11,3.0,256,11,10,0,0,0.0,150.2,0.0,160.4,0.0,164.56338028169014,0.0,0.0,159.1153846153846,0.0,147.2405063291139,157.0,128.0,0.0,0.0
572,9,1,141.0,145.0,14,0,14,8.0,64,7,24,0,0,0.0,143.4,0.0,140.6,0.0,159.64864864864865,0.0,0.0,151.52941176470588,0.0,153.54054054054055,143.0,149.0,0.0,0.0
573,1,6,129.0,74.0,10,1,1,55.0,89,21,20,0,0,0.0,154.8,0.0,131.0,0.0,150.75,0.0,0.0,159.0,0.0,131.0,175.0,119.0,0.0,0.0
574,6,3,148.0,131.0,6,1,4,17.0,134,11,10,0,0,0.0,156.0,0.0,150.6,0.0,164.56338028169014,0.0,0.0,163.8918918918919,0.0,151.8,169.0,179.0,0.0,0.0
575,8,12,94.0,95.0,16,1,12,7.0,101,31,15,0,0,0.0,158.8,0.0,129.2,0.0,157.7826086956522,0.0,0.0,166.09574468085106,0.0,151.31506849315068,159.0,144.0,0.0,0.0
576,13,10,181.0,155.0,14,1,11,26.0,256,17,3,0,0,0.0,176.75,0.0,127.6,0.0,173.04109589041096,0.0,0.0,169.63636363636363,0.0,135.86363636363637,205.0,139.0,0.0,0.0
577,2,6,157.0,119.0,6,0,2,38.0,257,21,20,0,0,0.0,158.8,0.0,128.0,0.0,150.75,0.0,0.0,159.08860759493672,0.0,128.0,140.0,141.0,0.0,0.0
578,10,7,119.0,120.0,11,1,4,8.0,86,10,21,0,0,0.0,140.6,0.0,128.4,0.0,163.1578947368421,0.0,0.0,162.98876404494382,0.0,150.87,119.0,139.0,0.0,0.0
579,9,12,143.0,144.0,16,1,12,6.0,200,31,15,0,0,0.0,142.8,0.0,129.8,0.0,157.7826086956522,0.0,0.0,151.05555555555554,0.0,151.21621621621622,136.0,133.0,0.0,0.0
580,0,2,165.0,146.0,3,0,14,19.0,15,18,8,0,0,0.0,169.5,0.0,141.6,0.0,162.26865671641792,0.0,0.0,167.94871794871796,0.0,139.57142857142858,114.0,149.0,0.0,0.0
581,8,11,159.0,136.0,9,1,8,23.0,116,39,24,0,0,0.0,154.2,0.0,164.0,0.0,167.19230769230768,0.0,0.0,166.02105263157895,0.0,155.47435897435898,160.0,120.0,0.0,0.0
582,2,6,140.0,141.0,10,1,6,7.0,176,11,10,0,0,0.0,167.8,0.0,130.6,0.0,164.56338028169014,0.0,0.0,158.85,0.0,130.6,0.0,98.0,0.0,0.0
583,6,2,169.0,149.0,4,1,4,20.0,262,28,30,0,0,0.0,162.6,0.0,142.4,0.0,158.015873015873,0.0,0.0,163.96,0.0,140.75,0.0,138.0,0.0,0.0
584,11,1,147.0,149.0,16,0,14,8.0,143,18,8,0,0,0.0,135.0,0.0,145.0,0.0,162.26865671641792,0.0,0.0,164.1304347826087,0.0,153.48,146.0,177.0,0.0,0.0
585,8,10,160.0,139.0,14,1,8,21.0,185,7,24,0,0,0.0,149.8,0.0,135.0,0.0,159.64864864864865,0.0,0.0,165.95833333333334,0.0,136.0,178.0,120.0,0.0,0.0
586,5,7,156.0,139.0,11,1,6,17.0,39,21,20,0,0,0.0,141.2,0.0,126.0,0.0,150.75,0.0,0.0,141.2,0.0,150.75247524752476,125.0,61.0,0.0,0.0
587,1,3,175.0,179.0,6,1,2,4.0,257,28,30,0,0,0.0,162.4,0.0,157.6,0.0,158.015873015873,0.0,0.0,159.94117647058823,0.0,152.08333333333334,136.0,146.0,0.0,0.0
588,13,11,205.0,120.0,9,1,11,85.0,45,17,3,0,0,0.0,185.25,0.0,163.4,0.0,173.04109589041096,0.0,0.0,170.03370786516854,0.0,155.0253164556962,175.0,181.0,0.0,0.0
589,0,7,114.0,61.0,3,0,4,10.0,86,10,21,0,0,0.0,151.0,0.0,106.2,0.0,163.1578947368421,0.0,0.0,167.26582278481013,0.0,149.87254901960785,196.0,119.0,0.0,0.0
590,8,3,178.0,146.0,6,1,8,32.0,17,39,24,0,0,0.0,152.6,0.0,159.6,0.0,167.19230769230768,0.0,0.0,166.08247422680412,0.0,152.02061855670104,133.0,158.0,0.0,0.0
591,5,14,125.0,128.0,10,0,11,9.0,45,17,3,0,0,0.0,134.0,0.0,153.6,0.0,173.04109589041096,0.0,0.0,138.5,0.0,147.0,178.0,151.0,0.0,0.0
592,10,10,119.0,120.0,9,0,19,5.0,185,27,22,0,0,0.0,137.2,0.0,136.4,0.0,164.97058823529412,0.0,0.0,162.5,0.0,135.33333333333334,163.0,137.0,0.0,0.0
593,0,12,196.0,133.0,16,1,14,63.0,161,31,15,0,0,0.0,154.25,0.0,126.0,0.0,157.7826086956522,0.0,0.0,167.625,0.0,150.97333333333333,176.0,134.0,0.0,0.0
594,1,10,136.0,137.0,4,0,19,6.0,146,28,30,0,0,0.0,154.6,0.0,133.6,0.0,158.015873015873,0.0,0.0,158.61111111111111,0.0,135.4,135.0,0.0,0.0,0.0
595,10,9,163.0,87.0,13,1,5,76.0,36,27,22,0,0,0.0,141.6,0.0,120.4,0.0,164.97058823529412,0.0,0.0,162.5054945054945,0.0,151.96511627906978,170.0,125.0,0.0,0.0
596,11,14,146.0,151.0,19,1,11,9.0,234,31,15,0,0,0.0,139.0,0.0,155.4,0.0,157.7826086956522,0.0,0.0,163.87142857142857,0.0,147.0493827160494,97.0,105.0,0.0,0.0
597,0,3,176.0,158.0,3,0,14,18.0,128,18,8,0,0,0.0,158.6,0.0,153.2,0.0,162.26865671641792,0.0,0.0,167.7283950617284,0.0,152.08163265306123,152.0,141.0,0.0,0.0
598,6,14,0.0,105.0,19,1,11,4.0,45,17,3,0,0,0.0,162.75,0.0,144.0,0.0,173.04109589041096,0.0,0.0,163.96,0.0,146.53658536585365,175.0,121.0,0.0,0.0
599,1,9,135.0,125.0,4,0,1,10.0,18,39,24,0,0,0.0,148.6,0.0,115.6,0.0,167.19230769230768,0.0,0.0,157.3684210526316,0.0,151.6551724137931,198.0,178.0,0.0,0.0
600,10,3,170.0,141.0,6,1,5,29.0,174,13,11,0,0,0.0,153.2,0.0,151.0,0.0,175.66666666666666,0.0,0.0,162.58695652173913,0.0,151.96969696969697,232.0,146.0,0.0,0.0
601,11,6,97.0,98.0,10,1,6,8.0,39,14,14,0,0,0.0,126.0,0.0,113.4,0.0,160.33333333333334,0.0,0.0,162.92957746478874,0.0,125.16666666666667,141.0,141.0,0.0,0.0
602,9,2,136.0,138.0,4,1,1,6.0,18,7,24,0,0,0.0,145.0,0.0,144.4,0.0,159.64864864864865,0.0,0.0,150.26315789473685,0.0,140.44444444444446,118.0,150.0,0.0,0.0
603,10,14,232.0,121.0,9,0,5,111.0,9,13,11,0,0,0.0,160.6,0.0,133.2,0.0,175.66666666666666,0.0,0.0,163.33333333333334,0.0,146.2289156626506,142.0,129.0,0.0,0.0
604,0,6,152.0,141.0,3,0,14,11.0,260,18,8,0,0,0.0,160.6,0.0,114.6,0.0,162.26865671641792,0.0,0.0,167.53658536585365,0.0,127.42857142857143,128.0,,0.0,
605,8,12,133.0,134.0,13,0,12,10.0,216,39,24,0,0,0.0,144.8,0.0,123.4,0.0,167.19230769230768,0.0,0.0,165.74489795918367,0.0,150.75,212.0,208.0,0.0,0.0
606,1,11,198.0,116.0,9,1,1,82.0,220,13,11,0,0,0.0,154.6,0.0,151.0,0.0,175.66666666666666,0.0,0.0,159.4,0.0,154.8641975308642,190.0,164.0,0.0,0.0
607,2,10,0.0,0.0,1,2,9,0.0,3,25,0,0,0,0.0,172.0,0.0,137.75,0.0,0.0,0.0,0.0,158.85,0.0,135.4,185.0,,0.0,
608,0,14,128.0,129.0,19,1,11,8.0,45,17,3,0,0,0.0,153.2,0.0,126.8,0.0,173.04109589041096,0.0,0.0,167.06024096385542,0.0,146.02380952380952,205.0,147.0,0.0,0.0
609,6,9,175.0,178.0,13,1,8,5.0,93,10,21,0,0,0.0,165.75,0.0,131.4,0.0,163.1578947368421,0.0,0.0,164.10526315789474,0.0,151.95454545454547,147.0,148.0,0.0,0.0
610,13,1,175.0,177.0,3,1,14,6.0,241,39,24,0,0,0.0,175.25,0.0,157.4,0.0,167.19230769230768,0.0,0.0,170.0888888888889,0.0,153.78947368421052,185.0,159.0,0.0,0.0
611,6,9,147.0,148.0,13,1,8,4.0,159,39,24,0,0,0.0,159.75,0.0,132.4,0.0,167.19230769230768,0.0,0.0,163.88311688311688,0.0,151.91011235955057,161.0,142.0,0.0,0.0
612,13,9,185.0,142.0,13,1,11,43.0,45,18,8,0,0,0.0,186.5,0.0,136.0,0.0,162.26865671641792,0.0,0.0,170.25274725274724,0.0,151.8,135.0,156.0,0.0,0.0
613,0,14,205.0,147.0,3,0,14,58.0,161,18,8,0,0,0.0,171.4,0.0,130.6,0.0,162.26865671641792,0.0,0.0,167.51190476190476,0.0,146.03529411764706,164.0,204.0,0.0,0.0
482,6,2,161.0,150.0,4,1,4,11.0,23,7,24,0,0,0.0,163.0,0.0,143.6,0.0,159.64864864864865,0.0,0.0,163.84615384615384,0.0,141.4,155.0,131.0,0.0,0.0
483,8,12,212.0,208.0,13,0,8,4.0,262,4,24,0,0,0.0,168.4,0.0,142.8,0.0,178.5185185185185,0.0,0.0,166.21212121212122,0.0,151.4935064935065,218.0,151.0,0.0,0.0
484,10,3,142.0,146.0,6,1,2,5.0,71,27,22,0,0,0.0,165.2,0.0,154.0,0.0,164.97058823529412,0.0,0.0,163.10638297872342,0.0,151.91,203.0,142.0,0.0,0.0
485,13,7,135.0,136.0,11,1,4,7.0,134,10,21,0,0,0.0,176.2,0.0,115.0,0.0,163.1578947368421,0.0,0.0,169.8695652173913,0.0,149.44230769230768,171.0,109.0,0.0,0.0
486,1,1,190.0,159.0,4,0,1,31.0,44,18,8,0,0,0.0,166.8,0.0,157.2,0.0,162.26865671641792,0.0,0.0,160.85714285714286,0.0,153.85714285714286,170.0,190.0,0.0,0.0
487,11,3,141.0,142.0,6,1,2,6.0,257,29,23,0,0,0.0,122.4,0.0,146.6,0.0,163.16666666666666,0.0,0.0,162.625,0.0,151.8118811881188,92.0,120.0,0.0,0.0
488,10,14,203.0,204.0,9,0,11,8.0,91,17,3,0,0,0.0,182.0,0.0,141.2,0.0,173.04109589041096,0.0,0.0,163.52631578947367,0.0,146.7093023255814,136.0,93.0,0.0,0.0
489,0,7,164.0,109.0,3,0,14,55.0,128,10,21,0,0,0.0,165.0,0.0,112.8,0.0,163.1578947368421,0.0,0.0,167.47058823529412,0.0,149.05714285714285,180.0,134.0,0.0,0.0
490,8,3,218.0,120.0,6,1,8,98.0,206,11,10,0,0,0.0,180.2,0.0,141.4,0.0,164.56338028169014,0.0,0.0,166.73,0.0,151.5,151.0,161.0,0.0,0.0
491,11,14,92.0,93.0,19,1,11,10.0,91,17,3,0,0,0.0,124.6,0.0,138.8,0.0,173.04109589041096,0.0,0.0,161.65753424657535,0.0,146.09195402298852,168.0,155.0,0.0,0.0
492,2,1,185.0,190.0,6,0,14,5.0,141,11,10,0,0,0.0,160.5,0.0,164.0,0.0,164.56338028169014,0.0,0.0,159.17283950617283,0.0,154.32051282051282,183.0,136.0,0.0,0.0
493,1,11,170.0,164.0,9,1,1,6.0,21,3,9,0,0,0.0,165.8,0.0,143.4,0.0,167.71428571428572,0.0,0.0,161.27272727272728,0.0,154.97560975609755,171.0,152.0,0.0,0.0
494,11,7,168.0,134.0,16,0,12,34.0,7,29,23,0,0,0.0,128.8,0.0,111.8,0.0,163.16666666666666,0.0,0.0,161.74324324324326,0.0,148.91509433962264,183.0,137.0,0.0,0.0
495,8,14,151.0,155.0,13,0,11,7.0,91,4,24,0,0,0.0,178.4,0.0,145.6,0.0,178.5185185185185,0.0,0.0,166.5742574257426,0.0,146.1931818181818,172.0,166.0,0.0,0.0
496,1,3,171.0,161.0,4,0,1,10.0,21,3,9,0,0,0.0,172.8,0.0,142.0,0.0,167.71428571428572,0.0,0.0,161.69565217391303,0.0,151.59223300970874,148.0,167.0,0.0,0.0
497,10,1,136.0,136.0,3,1,17,0.0,201,18,8,0,0,0.0,176.6,0.0,162.2,0.0,162.26865671641792,0.0,0.0,163.23958333333334,0.0,154.08860759493672,163.0,135.0,0.0,0.0
498,6,9,155.0,156.0,11,0,8,7.0,206,4,24,0,0,0.0,159.5,0.0,149.8,0.0,178.5185185185185,0.0,0.0,163.73417721518987,0.0,151.84615384615384,183.0,181.0,0.0,0.0
499,13,1,171.0,135.0,3,1,11,36.0,198,17,3,0,0,0.0,174.2,0.0,159.4,0.0,173.04109589041096,0.0,0.0,169.88172043010752,0.0,153.85,161.0,160.0,0.0,0.0
500,11,11,183.0,152.0,9,1,12,31.0,10,27,22,0,0,0.0,136.2,0.0,146.6,0.0,164.97058823529412,0.0,0.0,162.02666666666667,0.0,154.93975903614458,177.0,144.0,0.0,0.0
504,2,14,183.0,166.0,19,1,2,17.0,111,17,3,0,0,0.0,166.25,0.0,153.0,0.0,173.04109589041096,0.0,0.0,159.46341463414635,0.0,146.41573033707866,177.0,184.0,0.0,0.0
501,0,9,180.0,181.0,13,1,8,5.0,206,4,24,0,0,0.0,165.8,0.0,161.0,0.0,178.5185185185185,0.0,0.0,167.61627906976744,0.0,152.16304347826087,246.0,164.0,0.0,0.0
502,1,12,148.0,151.0,4,0,12,8.0,262,29,23,0,0,0.0,175.4,0.0,154.0,0.0,163.16666666666666,0.0,0.0,161.125,0.0,151.48717948717947,151.0,121.0,0.0,0.0
503,6,11,183.0,144.0,11,0,4,39.0,134,27,22,0,0,0.0,164.2,0.0,151.4,0.0,164.97058823529412,0.0,0.0,163.975,0.0,154.8095238095238,181.0,204.0,0.0,0.0
505,11,1,177.0,160.0,16,0,12,17.0,164,29,23,0,0,0.0,152.2,0.0,156.0,0.0,163.16666666666666,0.0,0.0,162.22368421052633,0.0,153.92592592592592,159.0,162.0,0.0,0.0
506,8,2,172.0,131.0,4,1,8,41.0,77,7,24,0,0,0.0,177.2,0.0,142.8,0.0,159.64864864864865,0.0,0.0,166.62745098039215,0.0,140.45454545454547,178.0,157.0,0.0,0.0
507,2,7,177.0,137.0,6,0,2,40.0,56,11,10,0,0,0.0,171.25,0.0,127.0,0.0,164.56338028169014,0.0,0.0,159.67469879518072,0.0,148.80373831775702,188.0,133.0,0.0,0.0
508,10,9,163.0,164.0,13,1,8,4.0,121,4,24,0,0,0.0,175.2,0.0,158.2,0.0,178.5185185185185,0.0,0.0,163.23711340206185,0.0,152.29032258064515,181.0,141.0,0.0,0.0
509,13,1,161.0,162.0,19,0,14,5.0,161,18,8,0,0,0.0,165.4,0.0,156.6,0.0,162.26865671641792,0.0,0.0,169.7872340425532,0.0,154.02439024390245,184.0,143.0,0.0,0.0
510,2,12,188.0,121.0,6,0,2,67.0,62,11,10,0,0,0.0,183.25,0.0,149.4,0.0,164.56338028169014,0.0,0.0,160.01190476190476,0.0,151.1012658227848,184.0,223.0,0.0,0.0
511,6,2,181.0,157.0,11,0,4,24.0,233,10,21,0,0,0.0,165.4,0.0,145.0,0.0,163.1578947368421,0.0,0.0,164.1851851851852,0.0,141.83333333333334,200.0,115.0,0.0,0.0
512,10,14,181.0,184.0,9,0,11,6.0,113,27,22,0,0,0.0,165.0,0.0,160.4,0.0,164.97058823529412,0.0,0.0,163.41836734693877,0.0,146.83333333333334,153.0,147.0,0.0,0.0
513,0,12,246.0,223.0,3,0,14,23.0,161,18,8,0,0,0.0,184.6,0.0,167.4,0.0,162.26865671641792,0.0,0.0,168.51724137931035,0.0,152.0,165.0,157.0,0.0,0.0
514,8,2,178.0,115.0,13,0,8,63.0,17,4,24,0,0,0.0,186.2,0.0,138.2,0.0,178.5185185185185,0.0,0.0,166.7378640776699,0.0,139.76923076923077,154.0,157.0,0.0,0.0
515,6,11,200.0,204.0,11,0,5,8.0,129,10,21,0,0,0.0,176.0,0.0,156.0,0.0,163.1578947368421,0.0,0.0,164.6219512195122,0.0,155.38823529411764,181.0,158.0,0.0,0.0
516,2,14,184.0,147.0,6,0,2,37.0,171,11,10,0,0,0.0,183.4,0.0,149.0,0.0,164.56338028169014,0.0,0.0,160.2941176470588,0.0,146.83516483516485,111.0,162.0,0.0,0.0
517,11,2,159.0,157.0,16,0,12,2.0,215,38,16,0,0,0.0,155.8,0.0,142.0,0.0,149.33333333333334,0.0,0.0,162.1818181818182,0.0,141.0,130.0,186.0,0.0,0.0
518,0,9,165.0,141.0,3,0,14,24.0,241,18,8,0,0,0.0,192.0,0.0,156.8,0.0,162.26865671641792,0.0,0.0,168.47727272727272,0.0,152.17021276595744,138.0,146.0,0.0,0.0
519,10,12,153.0,157.0,9,0,12,9.0,144,31,15,0,0,0.0,167.2,0.0,172.0,0.0,157.7826086956522,0.0,0.0,163.31313131313132,0.0,152.06172839506172,174.0,137.0,0.0,0.0
520,6,3,181.0,167.0,11,0,4,14.0,233,10,21,0,0,0.0,180.0,0.0,147.2,0.0,163.1578947368421,0.0,0.0,164.81927710843374,0.0,151.7403846153846,160.0,144.0,0.0,0.0
521,13,2,184.0,186.0,4,1,1,7.0,247,17,3,0,0,0.0,167.2,0.0,149.2,0.0,173.04109589041096,0.0,0.0,169.93684210526317,0.0,144.0,133.0,139.0,0.0,0.0
522,8,11,154.0,158.0,13,0,5,6.0,119,27,22,0,0,0.0,174.6,0.0,164.4,0.0,164.97058823529412,0.0,0.0,166.6153846153846,0.0,155.41860465116278,174.0,112.0,0.0,0.0
523,0,2,138.0,139.0,3,0,1,6.0,203,38,16,0,0,0.0,178.6,0.0,150.8,0.0,149.33333333333334,0.0,0.0,168.13483146067415,0.0,143.6875,112.0,178.0,0.0,0.0
524,6,14,160.0,162.0,19,1,11,7.0,255,17,3,0,0,0.0,181.0,0.0,162.8,0.0,173.04109589041096,0.0,0.0,164.76190476190476,0.0,147.0,139.0,138.0,0.0,0.0
525,2,11,111.0,112.0,6,0,5,7.0,174,11,10,0,0,0.0,168.6,0.0,154.0,0.0,164.56338028169014,0.0,0.0,159.72093023255815,0.0,154.91954022988506,189.0,173.0,0.0,0.0
526,8,12,174.0,137.0,16,1,8,37.0,206,31,15,0,0,0.0,165.8,0.0,157.8,0.0,157.7826086956522,0.0,0.0,166.68571428571428,0.0,151.8780487804878,183.0,58.0,0.0,0.0
527,1,14,151.0,138.0,19,1,1,13.0,79,38,16,0,0,0.0,166.0,0.0,159.4,0.0,149.33333333333334,0.0,0.0,160.72,0.0,146.90322580645162,145.0,132.0,0.0,0.0
528,8,3,183.0,144.0,13,0,8,39.0,116,4,24,0,0,0.0,172.2,0.0,146.8,0.0,178.5185185185185,0.0,0.0,166.83962264150944,0.0,151.66666666666666,191.0,113.0,0.0,0.0
529,6,1,139.0,143.0,11,0,14,9.0,192,18,8,0,0,0.0,172.2,0.0,147.2,0.0,162.26865671641792,0.0,0.0,164.45882352941177,0.0,153.89156626506025,101.0,195.0,0.0,0.0
530,11,14,130.0,132.0,16,0,11,5.0,113,31,15,0,0,0.0,163.4,0.0,152.6,0.0,157.7826086956522,0.0,0.0,161.76923076923077,0.0,146.74468085106383,132.0,134.0,0.0,0.0
531,0,3,112.0,113.0,3,0,2,6.0,71,18,8,0,0,0.0,168.2,0.0,141.0,0.0,162.26865671641792,0.0,0.0,167.51111111111112,0.0,151.30188679245282,142.0,134.0,0.0,0.0
532,10,2,174.0,178.0,4,1,1,5.0,199,13,11,0,0,0.0,161.4,0.0,155.0,0.0,175.66666666666666,0.0,0.0,163.42,0.0,145.7058823529412,192.0,104.0,0.0,0.0
533,8,14,191.0,134.0,19,1,8,57.0,204,17,3,0,0,0.0,176.0,0.0,142.6,0.0,173.04109589041096,0.0,0.0,167.06542056074767,0.0,146.61052631578949,133.0,149.0,0.0,0.0
534,11,7,132.0,133.0,16,0,4,8.0,97,10,21,0,0,0.0,156.2,0.0,129.8,0.0,163.1578947368421,0.0,0.0,161.39240506329114,0.0,148.65740740740742,150.0,135.0,0.0,0.0
535,10,1,192.0,195.0,3,1,14,6.0,128,13,11,0,0,0.0,172.6,0.0,159.0,0.0,175.66666666666666,0.0,0.0,163.7029702970297,0.0,154.38095238095238,0.0,146.0,0.0,0.0
536,1,3,145.0,134.0,4,0,1,11.0,21,11,10,0,0,0.0,157.0,0.0,143.8,0.0,164.56338028169014,0.0,0.0,160.1153846153846,0.0,151.14018691588785,82.0,58.0,0.0,0.0
537,8,7,133.0,135.0,13,0,4,9.0,160,10,21,0,0,0.0,167.0,0.0,129.6,0.0,163.1578947368421,0.0,0.0,166.75,0.0,148.5321100917431,184.0,79.0,0.0,0.0
538,8,14,184.0,149.0,13,0,8,35.0,116,7,24,0,0,0.0,173.0,0.0,143.0,0.0,159.64864864864865,0.0,0.0,166.90825688073394,0.0,146.63541666666666,165.0,86.0,0.0,0.0
539,0,2,142.0,104.0,3,0,14,38.0,64,7,24,0,0,0.0,160.6,0.0,152.8,0.0,159.64864864864865,0.0,0.0,167.23076923076923,0.0,143.38888888888889,168.0,104.0,0.0,0.0
540,1,14,82.0,86.0,4,0,11,9.0,24,7,24,0,0,0.0,139.4,0.0,127.8,0.0,159.64864864864865,0.0,0.0,157.22222222222223,0.0,146.01030927835052,184.0,87.0,0.0,0.0
541,0,9,168.0,146.0,3,0,14,22.0,241,7,24,0,0,0.0,145.0,0.0,157.6,0.0,159.64864864864865,0.0,0.0,167.2391304347826,0.0,152.10526315789474,179.0,156.0,0.0,0.0
423,8,1,165.0,146.0,3,1,8,19.0,206,23,6,0,0,0.0,171.2,0.0,161.2,0.0,145.33333333333334,0.0,0.0,166.8909090909091,0.0,154.28235294117647,0.0,180.0,0.0,0.0
424,13,12,133.0,58.0,19,0,11,75.0,184,23,6,0,0,0.0,156.8,0.0,139.2,0.0,145.33333333333334,0.0,0.0,169.55208333333334,0.0,150.74698795180723,168.0,112.0,0.0,0.0
425,10,3,0.0,58.0,6,1,2,10.0,52,23,6,0,0,0.0,175.0,0.0,123.2,0.0,145.33333333333334,0.0,0.0,163.7029702970297,0.0,150.27777777777777,158.0,150.0,0.0,0.0
426,6,2,101.0,104.0,11,0,1,8.0,182,23,6,0,0,0.0,156.2,0.0,142.2,0.0,145.33333333333334,0.0,0.0,163.72093023255815,0.0,141.31578947368422,139.0,169.0,0.0,0.0
427,0,14,179.0,87.0,3,0,14,92.0,163,35,25,0,0,0.0,147.8,0.0,117.6,0.0,159.0,0.0,0.0,167.36559139784947,0.0,145.40816326530611,0.0,160.0,0.0,0.0
428,10,7,158.0,79.0,11,1,4,11.0,45,16,12,0,0,0.0,169.25,0.0,123.6,0.0,152.0,0.0,0.0,163.64705882352942,0.0,147.9,139.0,150.0,0.0,0.0
429,8,0,0.0,0.0,0,2,7,0.0,0,0,0,0,0,0.0,168.25,0.0,0.0,0.0,0.0,0.0,0.0,166.8909090909091,0.0,0.0,187.0,0.0,0.0,0.0
430,1,14,184.0,160.0,4,0,1,24.0,9,23,6,0,0,0.0,142.0,0.0,123.2,0.0,145.33333333333334,0.0,0.0,158.17857142857142,0.0,145.55555555555554,168.0,143.0,0.0,0.0
431,2,1,189.0,180.0,6,0,2,9.0,5,16,12,0,0,0.0,169.8,0.0,165.2,0.0,152.0,0.0,0.0,160.05747126436782,0.0,154.58139534883722,143.0,141.0,0.0,0.0
432,11,7,150.0,150.0,11,1,17,0.0,262,23,6,0,0,0.0,149.6,0.0,126.8,0.0,145.33333333333334,0.0,0.0,161.25,0.0,147.9189189189189,211.0,95.0,0.0,0.0
433,13,11,168.0,173.0,19,0,5,7.0,191,16,12,0,0,0.0,163.4,0.0,158.2,0.0,152.0,0.0,0.0,169.53608247422682,0.0,155.125,149.0,137.0,0.0,0.0
434,1,9,168.0,156.0,4,0,1,12.0,175,16,12,0,0,0.0,146.0,0.0,157.6,0.0,152.0,0.0,0.0,158.51724137931035,0.0,152.14583333333334,148.0,116.0,0.0,0.0
435,0,0,0.0,0.0,0,2,7,0.0,0,0,0,0,0,0.0,150.25,0.0,0.0,0.0,0.0,0.0,0.0,167.36559139784947,0.0,0.0,165.0,0.0,0.0,0.0
436,13,3,149.0,150.0,19,0,2,6.0,244,35,25,0,0,0.0,159.0,0.0,119.8,0.0,159.0,0.0,0.0,169.3265306122449,0.0,150.27522935779817,145.0,150.0,0.0,0.0
437,10,12,139.0,112.0,9,0,5,27.0,119,23,6,0,0,0.0,165.75,0.0,137.4,0.0,145.33333333333334,0.0,0.0,163.40776699029126,0.0,150.28571428571428,119.0,147.0,0.0,0.0
438,0,2,165.0,169.0,4,1,1,6.0,84,16,12,0,0,0.0,163.5,0.0,138.8,0.0,152.0,0.0,0.0,167.3404255319149,0.0,142.7,164.0,100.0,0.0,0.0
439,8,7,187.0,95.0,13,0,8,92.0,206,35,25,0,0,0.0,167.25,0.0,118.4,0.0,159.0,0.0,0.0,167.07207207207207,0.0,147.44642857142858,148.0,139.0,0.0,0.0
440,2,12,143.0,147.0,6,0,12,5.0,262,37,7,0,0,0.0,163.0,0.0,122.2,0.0,152.0909090909091,0.0,0.0,159.86363636363637,0.0,150.24705882352941,173.0,126.0,0.0,0.0
441,6,14,139.0,143.0,11,0,11,5.0,139,16,12,0,0,0.0,144.0,0.0,125.0,0.0,152.0,0.0,0.0,163.4367816091954,0.0,145.53,153.0,150.0,0.0,0.0
442,10,9,119.0,116.0,9,0,5,3.0,119,16,12,0,0,0.0,152.0,0.0,144.6,0.0,152.0,0.0,0.0,162.98076923076923,0.0,151.77319587628867,119.0,126.0,0.0,0.0
443,1,3,148.0,150.0,6,1,2,6.0,63,37,7,0,0,0.0,145.4,0.0,121.0,0.0,152.0909090909091,0.0,0.0,158.16666666666666,0.0,150.27272727272728,141.0,145.0,0.0,0.0
444,0,12,164.0,126.0,16,1,14,38.0,241,37,7,0,0,0.0,169.0,0.0,116.0,0.0,152.0909090909091,0.0,0.0,167.30526315789473,0.0,149.96511627906978,163.0,142.0,0.0,0.0
445,8,7,148.0,139.0,13,0,8,9.0,98,5,13,0,0,0.0,171.0,0.0,119.6,0.0,147.33333333333334,0.0,0.0,166.90178571428572,0.0,147.3716814159292,149.0,189.0,0.0,0.0
446,13,11,145.0,137.0,19,0,11,8.0,263,16,12,0,0,0.0,155.8,0.0,156.8,0.0,152.0,0.0,0.0,169.08080808080808,0.0,154.92134831460675,105.0,154.0,0.0,0.0
447,1,12,141.0,142.0,4,0,12,3.0,262,35,25,0,0,0.0,144.6,0.0,117.0,0.0,159.0,0.0,0.0,157.61290322580646,0.0,149.8735632183908,145.0,107.0,0.0,0.0
448,0,3,163.0,145.0,6,1,14,18.0,212,22,17,0,0,0.0,167.75,0.0,127.4,0.0,144.0,0.0,0.0,167.26041666666666,0.0,150.22522522522522,178.0,157.0,0.0,0.0
449,6,11,153.0,154.0,11,0,5,6.0,129,35,25,0,0,0.0,138.4,0.0,146.8,0.0,159.0,0.0,0.0,163.3181818181818,0.0,154.9111111111111,154.0,133.0,0.0,0.0
450,8,14,149.0,150.0,13,0,11,9.0,91,22,17,0,0,0.0,162.25,0.0,125.2,0.0,144.0,0.0,0.0,166.7433628318584,0.0,145.5742574257426,116.0,141.0,0.0,0.0
451,0,2,178.0,100.0,3,0,14,78.0,128,5,13,0,0,0.0,167.5,0.0,131.0,0.0,147.33333333333334,0.0,0.0,167.37113402061857,0.0,140.66666666666666,0.0,161.0,0.0,0.0
452,11,11,211.0,133.0,9,1,12,78.0,75,16,12,0,0,0.0,156.4,0.0,141.8,0.0,152.0,0.0,0.0,161.8641975308642,0.0,154.67032967032966,140.0,174.0,0.0,0.0
453,6,3,154.0,157.0,11,0,2,9.0,71,16,12,0,0,0.0,137.2,0.0,132.0,0.0,152.0,0.0,0.0,163.2134831460674,0.0,150.28571428571428,123.0,118.0,0.0,0.0
454,1,9,145.0,126.0,4,0,1,19.0,199,37,7,0,0,0.0,157.2,0.0,137.0,0.0,152.0909090909091,0.0,0.0,157.21875,0.0,151.51020408163265,168.0,122.0,0.0,0.0
455,13,12,105.0,107.0,16,1,12,7.0,19,37,7,0,0,0.0,140.0,0.0,126.8,0.0,152.0909090909091,0.0,0.0,168.44,0.0,149.38636363636363,170.0,113.0,0.0,0.0
456,0,11,0.0,174.0,3,0,14,12.0,141,37,7,0,0,0.0,167.5,0.0,154.2,0.0,152.0909090909091,0.0,0.0,167.37113402061857,0.0,154.8804347826087,129.0,169.0,0.0,0.0
457,8,3,116.0,118.0,13,0,2,7.0,28,5,13,0,0,0.0,150.0,0.0,144.0,0.0,147.33333333333334,0.0,0.0,166.2982456140351,0.0,150.0,157.0,125.0,0.0,0.0
458,1,11,168.0,169.0,9,1,5,3.0,129,6,19,0,0,0.0,154.0,0.0,153.4,0.0,158.0,0.0,0.0,157.54545454545453,0.0,155.03225806451613,166.0,123.0,0.0,0.0
459,11,1,140.0,141.0,16,0,14,7.0,205,6,19,0,0,0.0,152.6,0.0,161.0,0.0,158.0,0.0,0.0,161.59756097560975,0.0,154.42528735632183,145.0,151.0,0.0,0.0
460,8,14,157.0,141.0,13,0,8,16.0,98,35,25,0,0,0.0,151.4,0.0,136.2,0.0,159.0,0.0,0.0,166.2173913043478,0.0,145.52941176470588,147.0,176.0,0.0,0.0
461,6,3,123.0,125.0,6,1,2,7.0,18,22,17,0,0,0.0,134.0,0.0,139.0,0.0,144.0,0.0,0.0,162.76666666666668,0.0,149.78070175438597,173.0,166.0,0.0,0.0
462,1,12,166.0,113.0,4,0,1,53.0,66,6,19,0,0,0.0,153.6,0.0,127.0,0.0,158.0,0.0,0.0,157.7941176470588,0.0,148.97752808988764,143.0,136.0,0.0,0.0
463,6,14,173.0,176.0,19,1,11,6.0,200,37,7,0,0,0.0,148.4,0.0,154.0,0.0,152.0909090909091,0.0,0.0,162.87912087912088,0.0,145.8252427184466,160.0,132.0,0.0,0.0
464,10,9,119.0,122.0,9,0,8,8.0,77,37,7,0,0,0.0,133.75,0.0,133.2,0.0,152.0909090909091,0.0,0.0,162.56190476190477,0.0,151.21212121212122,134.0,143.0,0.0,0.0
465,2,2,173.0,161.0,4,1,2,12.0,188,16,12,0,0,0.0,160.0,0.0,127.6,0.0,152.0,0.0,0.0,160.01123595505618,0.0,141.5909090909091,120.0,166.0,0.0,0.0
466,0,14,129.0,132.0,3,0,11,2.0,200,16,12,0,0,0.0,158.5,0.0,148.4,0.0,152.0,0.0,0.0,166.9795918367347,0.0,145.69230769230768,188.0,135.0,0.0,0.0
467,11,9,145.0,143.0,16,0,12,2.0,215,16,12,0,0,0.0,155.6,0.0,132.6,0.0,152.0,0.0,0.0,161.3975903614458,0.0,151.13,101.0,202.0,0.0,0.0
468,2,11,120.0,123.0,9,1,5,6.0,41,24,5,0,0,0.0,147.2,0.0,150.6,0.0,135.0,0.0,0.0,159.56666666666666,0.0,154.69148936170214,150.0,92.0,0.0,0.0
469,8,1,147.0,151.0,13,0,14,7.0,141,35,25,0,0,0.0,143.4,0.0,162.6,0.0,159.0,0.0,0.0,166.05172413793105,0.0,154.38636363636363,165.0,152.0,0.0,0.0
470,6,2,160.0,166.0,4,1,1,6.0,199,22,17,0,0,0.0,152.6,0.0,140.0,0.0,144.0,0.0,0.0,162.84782608695653,0.0,142.65217391304347,222.0,133.0,0.0,0.0
471,10,2,134.0,133.0,4,1,5,1.0,263,22,17,0,0,0.0,133.8,0.0,145.8,0.0,144.0,0.0,0.0,162.29245283018867,0.0,142.25,166.0,158.0,0.0,0.0
472,2,12,150.0,136.0,6,0,2,14.0,5,24,5,0,0,0.0,155.0,0.0,124.8,0.0,135.0,0.0,0.0,159.46153846153845,0.0,148.83333333333334,134.0,168.0,0.0,0.0
473,0,7,188.0,189.0,3,0,4,7.0,39,37,7,0,0,0.0,164.5,0.0,130.4,0.0,152.0909090909091,0.0,0.0,167.1919191919192,0.0,147.73684210526315,116.0,102.0,0.0,0.0
474,2,14,134.0,135.0,6,0,11,7.0,91,22,17,0,0,0.0,144.0,0.0,146.8,0.0,144.0,0.0,0.0,159.18478260869566,0.0,145.59047619047618,153.0,149.0,0.0,0.0
475,11,7,101.0,102.0,11,1,4,4.0,122,16,12,0,0,0.0,149.4,0.0,135.0,0.0,152.0,0.0,0.0,160.67857142857142,0.0,147.33913043478262,129.0,112.0,0.0,0.0
476,0,11,116.0,92.0,3,0,14,24.0,163,16,12,0,0,0.0,152.75,0.0,138.2,0.0,152.0,0.0,0.0,166.68,0.0,154.03157894736842,146.0,207.0,0.0,0.0
477,8,3,165.0,166.0,6,1,2,4.0,257,37,7,0,0,0.0,146.8,0.0,142.2,0.0,152.0909090909091,0.0,0.0,166.04273504273505,0.0,149.9217391304348,165.0,132.0,0.0,0.0
478,13,2,170.0,158.0,19,0,11,12.0,133,37,7,0,0,0.0,147.4,0.0,143.6,0.0,152.0909090909091,0.0,0.0,168.45544554455446,0.0,142.88,135.0,154.0,0.0,0.0
479,2,2,153.0,154.0,4,1,1,6.0,9,37,7,0,0,0.0,146.0,0.0,154.4,0.0,152.0909090909091,0.0,0.0,159.11827956989248,0.0,143.30769230769232,158.0,155.0,0.0,0.0
480,0,14,146.0,149.0,19,1,11,6.0,133,22,17,0,0,0.0,144.75,0.0,146.6,0.0,144.0,0.0,0.0,166.47524752475246,0.0,145.62264150943398,240.0,137.0,0.0,0.0
481,1,14,143.0,137.0,19,1,1,6.0,24,22,17,0,0,0.0,152.6,0.0,145.8,0.0,144.0,0.0,0.0,157.37142857142857,0.0,145.54205607476635,110.0,82.0,0.0,0.0
372,6,14,222.0,82.0,19,1,4,140.0,40,17,3,0,0,0.0,166.4,0.0,127.0,0.0,173.04109589041096,0.0,0.0,163.48387096774192,0.0,144.9537037037037,147.0,166.0,0.0,0.0
373,0,11,240.0,207.0,3,0,14,33.0,143,27,22,0,0,0.0,163.8,0.0,153.0,0.0,164.97058823529412,0.0,0.0,167.19607843137254,0.0,154.58333333333334,208.0,162.0,0.0,0.0
374,11,3,129.0,132.0,16,0,2,9.0,70,11,10,0,0,0.0,145.2,0.0,139.6,0.0,164.56338028169014,0.0,0.0,160.30588235294118,0.0,149.76724137931035,196.0,143.0,0.0,0.0
376,1,7,110.0,112.0,4,0,4,5.0,54,10,21,0,0,0.0,146.4,0.0,127.4,0.0,163.1578947368421,0.0,0.0,156.05555555555554,0.0,147.0344827586207,142.0,151.0,0.0,0.0
375,8,14,165.0,166.0,13,0,11,5.0,139,39,24,0,0,0.0,150.0,0.0,133.8,0.0,167.19230769230768,0.0,0.0,166.03389830508473,0.0,145.14678899082568,154.0,165.0,0.0,0.0
377,10,12,166.0,168.0,9,0,12,6.0,216,31,15,0,0,0.0,135.4,0.0,133.2,0.0,157.7826086956522,0.0,0.0,162.3271028037383,0.0,149.04395604395606,182.0,217.0,0.0,0.0
378,1,3,142.0,143.0,4,0,2,9.0,257,28,30,0,0,0.0,145.8,0.0,136.8,0.0,158.015873015873,0.0,0.0,155.67567567567568,0.0,149.7094017094017,214.0,172.0,0.0,0.0
379,0,9,208.0,202.0,13,1,14,6.0,141,18,8,0,0,0.0,179.6,0.0,141.8,0.0,162.26865671641792,0.0,0.0,167.59223300970874,0.0,151.63366336633663,178.0,116.0,0.0,0.0
380,1,12,214.0,217.0,16,1,12,3.0,262,28,30,0,0,0.0,155.0,0.0,148.2,0.0,158.015873015873,0.0,0.0,157.21052631578948,0.0,149.7826086956522,164.0,138.0,0.0,0.0
381,10,9,182.0,116.0,13,1,5,66.0,119,27,22,0,0,0.0,144.0,0.0,141.8,0.0,164.97058823529412,0.0,0.0,162.50925925925927,0.0,151.2843137254902,178.0,138.0,0.0,0.0
383,6,1,147.0,152.0,11,0,14,9.0,90,18,8,0,0,0.0,165.0,0.0,154.0,0.0,162.26865671641792,0.0,0.0,163.30851063829786,0.0,154.35955056179776,137.0,188.0,0.0,0.0
382,13,12,135.0,138.0,16,1,12,7.0,216,17,3,0,0,0.0,140.8,0.0,154.4,0.0,173.04109589041096,0.0,0.0,168.12745098039215,0.0,149.65591397849462,156.0,110.0,0.0,0.0
385,2,11,158.0,162.0,6,0,5,4.0,231,27,22,0,0,0.0,143.0,0.0,150.6,0.0,164.97058823529412,0.0,0.0,159.10638297872342,0.0,154.659793814433,191.0,167.0,0.0,0.0
384,8,2,154.0,155.0,4,1,1,10.0,9,7,24,0,0,0.0,157.6,0.0,153.2,0.0,159.64864864864865,0.0,0.0,165.9327731092437,0.0,143.74074074074073,162.0,153.0,0.0,0.0
386,0,14,178.0,165.0,3,0,14,13.0,128,17,3,0,0,0.0,177.6,0.0,139.8,0.0,173.04109589041096,0.0,0.0,167.69230769230768,0.0,145.3272727272727,169.0,181.0,0.0,0.0
387,6,9,137.0,138.0,11,0,8,7.0,209,10,21,0,0,0.0,167.8,0.0,144.2,0.0,163.1578947368421,0.0,0.0,163.03157894736842,0.0,151.15533980582524,0.0,104.0,0.0,0.0
388,2,14,191.0,181.0,19,1,2,10.0,74,11,10,0,0,0.0,157.2,0.0,146.2,0.0,164.56338028169014,0.0,0.0,159.44210526315788,0.0,145.64864864864865,187.0,124.0,0.0,0.0
390,11,7,196.0,151.0,16,0,12,45.0,243,31,15,0,0,0.0,142.2,0.0,138.6,0.0,157.7826086956522,0.0,0.0,160.72093023255815,0.0,147.06837606837607,103.0,169.0,0.0,0.0
389,1,11,164.0,167.0,9,1,5,7.0,218,28,30,0,0,0.0,154.6,0.0,150.2,0.0,158.015873015873,0.0,0.0,157.3846153846154,0.0,154.78571428571428,140.0,127.0,0.0,0.0
391,0,3,169.0,172.0,3,0,2,8.0,257,18,8,0,0,0.0,188.2,0.0,147.6,0.0,162.26865671641792,0.0,0.0,167.7047619047619,0.0,149.89830508474577,109.0,133.0,0.0,0.0
421,13,2,156.0,153.0,4,1,11,3.0,177,17,3,0,0,0.0,142.2,0.0,150.6,0.0,173.04109589041096,0.0,0.0,168.0097087378641,0.0,144.07142857142858,126.0,148.0,0.0,0.0
393,10,7,178.0,169.0,9,0,5,9.0,87,27,22,0,0,0.0,155.8,0.0,144.6,0.0,164.97058823529412,0.0,0.0,162.651376146789,0.0,147.25423728813558,189.0,175.0,0.0,0.0
394,8,3,162.0,133.0,6,1,8,29.0,219,7,24,0,0,0.0,158.6,0.0,149.2,0.0,159.64864864864865,0.0,0.0,165.9,0.0,149.7563025210084,178.0,110.0,0.0,0.0
395,0,12,109.0,110.0,3,0,12,8.0,232,31,15,0,0,0.0,180.8,0.0,153.8,0.0,157.7826086956522,0.0,0.0,167.1509433962264,0.0,149.2340425531915,144.0,141.0,0.0,0.0
396,13,11,126.0,127.0,9,1,5,6.0,235,17,3,0,0,0.0,138.4,0.0,151.0,0.0,173.04109589041096,0.0,0.0,167.60576923076923,0.0,154.5050505050505,143.0,163.0,0.0,0.0
397,0,2,144.0,148.0,4,1,1,7.0,9,18,8,0,0,0.0,161.6,0.0,153.6,0.0,162.26865671641792,0.0,0.0,166.93457943925233,0.0,144.20689655172413,181.0,181.0,0.0,0.0
398,11,9,103.0,104.0,13,1,8,7.0,28,7,24,0,0,0.0,134.8,0.0,140.6,0.0,159.64864864864865,0.0,0.0,160.05747126436782,0.0,150.70192307692307,197.0,158.0,0.0,0.0
399,2,1,187.0,188.0,3,1,14,4.0,128,11,10,0,0,0.0,164.6,0.0,162.4,0.0,164.56338028169014,0.0,0.0,159.72916666666666,0.0,154.73333333333332,156.0,55.0,0.0,0.0
400,6,14,0.0,124.0,11,0,4,5.0,233,10,21,0,0,0.0,166.5,0.0,143.6,0.0,163.1578947368421,0.0,0.0,163.03157894736842,0.0,145.45535714285714,204.0,132.0,0.0,0.0
401,1,12,140.0,141.0,16,1,12,8.0,262,31,15,0,0,0.0,154.0,0.0,154.8,0.0,157.7826086956522,0.0,0.0,156.95,0.0,149.14736842105262,175.0,159.0,0.0,0.0
402,0,11,181.0,163.0,9,1,14,18.0,120,18,8,0,0,0.0,156.2,0.0,165.2,0.0,162.26865671641792,0.0,0.0,167.0648148148148,0.0,154.59,156.0,144.0,0.0,0.0
403,6,2,204.0,181.0,11,0,4,23.0,233,28,30,0,0,0.0,177.5,0.0,158.2,0.0,158.015873015873,0.0,0.0,163.45833333333334,0.0,145.43333333333334,133.0,182.0,0.0,0.0
404,2,12,156.0,159.0,16,1,12,3.0,216,31,15,0,0,0.0,169.0,0.0,153.0,0.0,157.7826086956522,0.0,0.0,159.69072164948454,0.0,149.25,194.0,150.0,0.0,0.0
405,13,11,143.0,144.0,19,0,5,9.0,218,27,22,0,0,0.0,146.0,0.0,152.6,0.0,164.97058823529412,0.0,0.0,167.37142857142857,0.0,154.4851485148515,154.0,94.0,0.0,0.0
406,6,3,133.0,110.0,11,0,4,23.0,224,10,21,0,0,0.0,155.25,0.0,138.0,0.0,163.1578947368421,0.0,0.0,163.1443298969072,0.0,149.425,67.0,158.0,0.0,0.0
407,0,9,156.0,158.0,13,1,8,9.0,209,39,24,0,0,0.0,151.8,0.0,143.6,0.0,167.19230769230768,0.0,0.0,166.96330275229357,0.0,150.77142857142857,163.0,68.0,0.0,0.0
409,2,2,194.0,182.0,4,1,2,12.0,18,11,10,0,0,0.0,177.2,0.0,163.8,0.0,164.56338028169014,0.0,0.0,160.0408163265306,0.0,146.61290322580646,0.0,153.0,0.0,0.0
410,6,9,67.0,68.0,13,1,8,8.0,219,39,24,0,0,0.0,135.25,0.0,116.8,0.0,167.19230769230768,0.0,0.0,162.16326530612244,0.0,149.99056603773585,149.0,188.0,0.0,0.0
412,11,14,197.0,132.0,19,1,12,65.0,75,31,15,0,0,0.0,145.2,0.0,153.6,0.0,157.7826086956522,0.0,0.0,160.47727272727272,0.0,145.3362831858407,211.0,171.0,0.0,0.0
411,2,11,0.0,94.0,6,0,5,6.0,129,11,10,0,0,0.0,182.0,0.0,139.0,0.0,164.56338028169014,0.0,0.0,160.0408163265306,0.0,153.8921568627451,0.0,178.0,0.0,0.0
414,6,1,149.0,55.0,11,0,14,3.0,130,10,21,0,0,0.0,138.25,0.0,137.4,0.0,163.1578947368421,0.0,0.0,162.03030303030303,0.0,153.63736263736263,147.0,112.0,0.0,0.0
413,8,2,178.0,153.0,4,1,8,25.0,65,28,30,0,0,0.0,164.8,0.0,163.4,0.0,158.015873015873,0.0,0.0,166.0,0.0,146.8125,176.0,,0.0,
415,13,3,154.0,158.0,6,1,2,5.0,225,17,3,0,0,0.0,142.8,0.0,143.2,0.0,173.04109589041096,0.0,0.0,167.24528301886792,0.0,149.49586776859505,126.0,179.0,0.0,0.0
416,10,9,189.0,188.0,13,1,5,1.0,218,39,24,0,0,0.0,169.8,0.0,131.2,0.0,167.19230769230768,0.0,0.0,162.8909090909091,0.0,150.34579439252337,174.0,126.0,0.0,0.0
417,13,1,126.0,112.0,19,0,11,14.0,24,18,8,0,0,0.0,141.0,0.0,131.6,0.0,162.26865671641792,0.0,0.0,166.85981308411215,0.0,153.18478260869566,0.0,201.0,0.0,0.0
418,1,11,175.0,178.0,9,1,5,6.0,218,27,22,0,0,0.0,167.0,0.0,141.2,0.0,164.97058823529412,0.0,0.0,157.390243902439,0.0,154.126213592233,165.0,,0.0,
420,11,1,211.0,201.0,16,0,12,10.0,15,18,8,0,0,0.0,167.2,0.0,141.6,0.0,162.26865671641792,0.0,0.0,161.04494382022472,0.0,153.69892473118279,192.0,148.0,0.0,0.0
419,8,3,176.0,179.0,6,1,2,5.0,62,11,10,0,0,0.0,167.0,0.0,150.4,0.0,164.56338028169014,0.0,0.0,166.08196721311475,0.0,149.7377049180328,145.0,87.0,0.0,0.0
392,1,14,165.0,171.0,4,0,11,5.0,255,28,30,0,0,0.0,171.6,0.0,154.6,0.0,158.015873015873,0.0,0.0,157.57142857142858,0.0,145.56140350877192,147.0,,0.0,
422,10,7,174.0,175.0,9,0,4,3.0,249,10,21,0,0,0.0,177.8,0.0,141.8,0.0,163.1578947368421,0.0,0.0,162.99099099099098,0.0,147.48739495798318,221.0,,0.0,
408,10,12,221.0,180.0,16,1,5,41.0,218,27,22,0,0,0.0,188.8,0.0,155.2,0.0,164.97058823529412,0.0,0.0,163.50892857142858,0.0,149.53535353535352,112.0,164.0,0.0,0.0
